Dancing,0.617125571,0.416871011,0.457476437,0.42528218,0.716583312,0.462536097,0.397298694,0.493571281,0.819673061,0.437610567,0.38494122,0.418909848
point_dance_1,0.571996748,0.409650624,0.467763811,0.40719834,0.680270314,0.385097712,0.594561279,0.387471974,0.77108562,0.32127285,0.645495236,0.318074316
point_dance_1,0.555768013,0.408078343,0.470263153,0.399637252,0.654693604,0.372270465,0.616566002,0.364535421,0.725138009,0.314298272,0.706220329,0.295687854
point_dance_1,0.534353614,0.407645375,0.470200509,0.400672019,0.621876299,0.368969589,0.618815839,0.35944289,0.709571004,0.310032964,0.718548,0.295245588
point_dance_1,0.527250528,0.410415709,0.46992293,0.402236611,0.596705079,0.381470919,0.60065043,0.360838354,0.654567659,0.340631038,0.712358534,0.296313465
point_dance_1,0.522163093,0.412085474,0.469433546,0.403351873,0.600443423,0.373963296,0.597444117,0.357861578,0.684455216,0.315272033,0.701342821,0.296442151
point_dance_1,0.518979251,0.414393276,0.467540473,0.404665142,0.602060676,0.372171849,0.591609597,0.357996643,0.688362658,0.313544959,0.69364655,0.297138482
point_dance_1,0.522789717,0.419868618,0.459364414,0.404979229,0.600438297,0.375074446,0.582574308,0.361630052,0.68210727,0.317737818,0.685475647,0.300409913
point_dance_1,0.51941967,0.421721995,0.452015996,0.405466795,0.598865151,0.375802875,0.575975657,0.363749117,0.679873884,0.318006665,0.677566171,0.302507609
point_dance_1,0.515556514,0.425628334,0.43923074,0.406502634,0.591867685,0.377364516,0.568472326,0.365687042,0.672591627,0.320155203,0.669970274,0.30354172
point_dance_1,0.512593865,0.429375947,0.42754668,0.409284443,0.601262808,0.379447371,0.563605905,0.367351055,0.667505682,0.318660557,0.663217306,0.306501776
point_dance_1,0.511849403,0.43043527,0.416933179,0.413011372,0.599342585,0.381632566,0.545905232,0.368965805,0.660027206,0.31972748,0.658614755,0.307320327
point_dance_1,0.509509504,0.430185169,0.404350698,0.413392693,0.579970419,0.376671642,0.528970361,0.370202571,0.65471226,0.315109372,0.655282438,0.30955103
point_dance_1,0.498966396,0.429902792,0.39080441,0.413372606,0.563986242,0.377830446,0.51635164,0.37043494,0.647852302,0.314983934,0.649345279,0.309490681
point_dance_1,0.487525761,0.429526031,0.380029976,0.412736803,0.551752448,0.376998127,0.494321495,0.371757358,0.632755518,0.317458332,0.618615925,0.312439263
point_dance_1,0.478702337,0.42639631,0.374173909,0.412627518,0.540537179,0.368045777,0.494491488,0.36919111,0.610180974,0.31500265,0.610436857,0.310796142
Dancing,0.513822913,0.422815859,0.362880528,0.426408708,0.593820333,0.481289536,0.314207762,0.498208612,0.688119054,0.534861147,0.254382819,0.565451026
Dancing,0.52184546,0.424062312,0.385755002,0.425945193,0.601387024,0.486336529,0.365825325,0.46796599,0.684104443,0.463537991,0.535280943,0.474344909
Dancing,0.514114141,0.428026497,0.432815164,0.440457284,0.401607394,0.407924414,0.382672757,0.457795203,0.32745263,0.350435108,0.351798534,0.374012649
Dancing,0.591509938,0.460354984,0.475564033,0.449951738,0.71052897,0.472903252,0.388806611,0.433101028,0.628986001,0.466317564,0.310952365,0.355646133
Dancing,0.563434541,0.449259132,0.454560131,0.441838652,0.468235791,0.460316092,0.361220479,0.39567408,0.376576185,0.403106779,0.280670851,0.333117425
Dancing,0.439150929,0.418649971,0.377642691,0.415862083,0.426049381,0.479413509,0.374808937,0.393927634,0.421283424,0.531435311,0.337222725,0.336868823
Dancing,0.51342839,0.421892941,0.478051156,0.417165756,0.576163948,0.400408357,0.589196563,0.37772879,0.657710791,0.347526491,0.675755084,0.31825465
Dancing,0.533906817,0.428352594,0.465061814,0.418181121,0.600558817,0.388220161,0.582229853,0.378265202,0.673999429,0.333647668,0.683782637,0.320403457
Dancing,0.556309998,0.434566081,0.461782157,0.431415379,0.64220643,0.3844423,0.543848813,0.406399816,0.697361767,0.340700924,0.635893285,0.365978867
Dancing,0.447365135,0.409592241,0.381184995,0.414371103,0.334406525,0.344543248,0.357248843,0.428826034,0.270634979,0.280139863,0.329733223,0.404338598
Dancing,0.590318859,0.425232172,0.46317786,0.417491913,0.618792355,0.474050105,0.384808004,0.385394037,0.554784477,0.455681562,0.324655205,0.318040609
Dancing,0.599536836,0.440932035,0.468986899,0.426298052,0.729896784,0.465054274,0.389968544,0.384554833,0.682130218,0.455491692,0.315663278,0.321206629
Dancing,0.62381047,0.435129017,0.476173133,0.42454958,0.750893593,0.467125565,0.382548392,0.373479843,0.660881639,0.447558016,0.296459198,0.308833599
Dancing,0.493500024,0.368891984,0.413577616,0.376028001,0.675029933,0.426320612,0.396054208,0.443792403,0.717389524,0.453593582,0.314770401,0.504740298
Dancing,0.560675144,0.387835503,0.381343335,0.388743997,0.713222444,0.375132561,0.235763416,0.396536052,0.600889444,0.324349791,0.307611853,0.333228737
Dancing,0.55794853,0.387826413,0.390215933,0.383320689,0.496194065,0.448945463,0.384985685,0.449711472,0.427509218,0.494356245,0.351723194,0.523676634
point_dance_1,0.53581214,0.385017574,0.49526304,0.377317667,0.605830014,0.346763045,0.620218158,0.3287808,0.688938498,0.305573046,0.718961358,0.284381658
point_dance_1,0.53256762,0.384523124,0.502924502,0.376276165,0.619890451,0.326966941,0.624946833,0.320983291,0.698267281,0.277498037,0.719735444,0.266351461
point_dance_1,0.531876504,0.384668469,0.507991433,0.377516866,0.508210897,0.425413758,0.62011081,0.321390212,0.534164608,0.41653353,0.702106178,0.266545415
point_dance_1,0.532396555,0.384729564,0.510806799,0.376319885,0.578442454,0.348464012,0.622137427,0.319350749,0.627712071,0.317148983,0.699376822,0.264546484
point_dance_1,0.533284724,0.385335654,0.507358432,0.376864105,0.593083143,0.34070912,0.612651289,0.322107404,0.636063993,0.311901569,0.687422991,0.273637891
point_dance_1,0.534404099,0.387163609,0.497243464,0.377531826,0.603766084,0.336211711,0.608780682,0.324829549,0.674094796,0.289295256,0.683185041,0.273372233
point_dance_1,0.535984576,0.388470978,0.488628596,0.381308019,0.60785085,0.338927627,0.587026179,0.330959678,0.676889956,0.286549836,0.669882774,0.277063042
point_dance_1,0.533493102,0.390931755,0.485207438,0.384323865,0.596949816,0.341175109,0.583994448,0.333993644,0.660142303,0.345379233,0.662653327,0.275871515
point_dance_1,0.525580049,0.392317176,0.482833266,0.384895861,0.601629019,0.343131542,0.590608358,0.334896445,0.660654664,0.292776614,0.65620321,0.27359271
point_dance_1,0.524250269,0.395556241,0.472316325,0.390129715,0.603627622,0.343323797,0.588044047,0.335091531,0.656476617,0.289277494,0.644379735,0.274038941
point_dance_1,0.523991048,0.396469086,0.454209745,0.392204911,0.605225861,0.344808728,0.5790236,0.3362284,0.654688239,0.289957076,0.643874884,0.275317699
point_dance_1,0.523204863,0.398458987,0.423627973,0.395198226,0.604510605,0.350168228,0.568687201,0.341427296,0.644119203,0.294066012,0.621914804,0.283669442
point_dance_1,0.520039201,0.40019995,0.408630252,0.397933334,0.596789002,0.350123495,0.544630051,0.341798842,0.643671393,0.294290245,0.62358284,0.287412345
point_dance_1,0.515254617,0.400151819,0.396572798,0.399763256,0.595670402,0.347672999,0.5078035,0.350330293,0.653090477,0.290486932,0.606607616,0.313626111
point_dance_1,0.506490767,0.400931269,0.389989734,0.402670234,0.586483538,0.347469419,0.511725545,0.350735724,0.651815653,0.290943444,0.606703103,0.318760395
Dancing,0.448449254,0.433399826,0.296819985,0.439778954,0.547078729,0.379395068,0.254529268,0.466221422,0.609599173,0.314339966,0.374094635,0.458065093
Dancing,0.670294285,0.452218294,0.497135162,0.435749918,0.829621971,0.477648348,0.399703473,0.404735476,0.700035691,0.441534758,0.336512029,0.388513029
Dancing,0.521249413,0.435467333,0.491559356,0.443713129,0.394115567,0.436653912,0.427190781,0.507851124,0.303941101,0.43870464,0.44437629,0.56757766
Dancing,0.642863452,0.463265657,0.509763837,0.45344153,0.56805706,0.492572546,0.428646863,0.440374225,0.485265821,0.45679754,0.36632818,0.44054389
Dancing,0.650272906,0.464700639,0.498842061,0.449594587,0.745138884,0.495054424,0.394480884,0.422698796,0.604498148,0.474148035,0.329227984,0.381350696
Dancing,0.577643931,0.448394358,0.429030538,0.442667156,0.521868229,0.497381777,0.396232188,0.491716564,0.493049324,0.426916033,0.336111039,0.449065626
Dancing,0.502925932,0.435307682,0.390009433,0.434295833,0.563202739,0.386119694,0.508376241,0.385059774,0.640869677,0.333152711,0.61650455,0.34388575
Dancing,0.514062643,0.428064287,0.370624959,0.437924862,0.578720629,0.370120227,0.251133084,0.456660688,0.660440564,0.310524017,0.338590592,0.404426575
Dancing,0.584985971,0.427119881,0.418724686,0.442534745,0.713003099,0.402244151,0.318902791,0.506657481,0.640374422,0.385155648,0.342624784,0.564695597
Dancing,0.575176418,0.434078991,0.418981463,0.432078183,0.668185771,0.491952509,0.470954299,0.453611523,0.71620959,0.563280106,0.556707382,0.435446918
Dancing,0.578904569,0.404840797,0.419865578,0.42746973,0.671759188,0.359503001,0.403453916,0.491773754,0.579966247,0.361175597,0.376801819,0.560931563
Dancing,0.578552663,0.405703157,0.419335812,0.415883601,0.541169524,0.440966189,0.424683392,0.468249947,0.427647322,0.408084154,0.487389207,0.49830547
Dancing,0.547177613,0.395347178,0.403672665,0.403239816,0.516139209,0.460683584,0.443026215,0.469570935,0.514018655,0.46795693,0.515906453,0.437403768
Dancing,0.572416067,0.477991015,0.448175937,0.472503245,0.549144983,0.549500346,0.448405951,0.537111819,0.545302153,0.617842734,0.431611031,0.596895218
Dancing,0.580254138,0.489431679,0.443156391,0.488403171,0.594183803,0.566296279,0.418133318,0.56104964,0.633076608,0.635570765,0.370992333,0.622178376
point_dance_1,0.622311652,0.467571199,0.477894425,0.469561428,0.737595022,0.470289648,0.40884009,0.455148846,0.860512197,0.468748719,0.318358421,0.432571411
point_dance_1,0.626531899,0.459885508,0.494479358,0.460016072,0.743392706,0.447488219,0.428890526,0.420584351,0.848555446,0.426573455,0.358934283,0.382523715
point_dance_1,0.626351774,0.454773337,0.49796167,0.454119354,0.730756521,0.429116637,0.470795363,0.39612478,0.823917329,0.389957279,0.433255076,0.343374342
point_dance_1,0.618413091,0.451398522,0.49946335,0.449739218,0.70714885,0.409290165,0.524340808,0.390880466,0.794106543,0.362067848,0.526374936,0.324184299
point_dance_1,0.613204241,0.445652902,0.50257057,0.446284384,0.690288723,0.390571535,0.552255809,0.387191981,0.75653857,0.334768832,0.586301148,0.309294522
point_dance_1,0.610282838,0.441458374,0.508360565,0.440715015,0.676023841,0.380495161,0.594927013,0.371165425,0.728987038,0.324111998,0.633134782,0.293142527
point_dance_1,0.57549423,0.447593153,0.522601485,0.438237578,0.637875199,0.38329798,0.614442289,0.370198309,0.712755322,0.335223705,0.670744598,0.294188082
point_dance_1,0.566679478,0.450357139,0.527235806,0.440902084,0.573333442,0.510797322,0.609992146,0.373421907,0.603724957,0.55170083,0.657287776,0.299504459
point_dance_1,0.557681382,0.451654673,0.529616475,0.442177117,0.559172094,0.522490144,0.602142453,0.375148118,0.591168582,0.575076461,0.648509622,0.29881084
point_dance_1,0.548675179,0.451011509,0.532808244,0.441709608,0.579964697,0.391079754,0.607041597,0.369038045,0.620447278,0.330553442,0.641938984,0.292843908
point_dance_1,0.545566201,0.449306399,0.531274736,0.44141835,0.587077498,0.379258543,0.602052152,0.367870599,0.627474666,0.315752119,0.62384522,0.288000792
point_dance_1,0.542107165,0.449087709,0.529404938,0.442525923,0.589807272,0.373093963,0.597888589,0.366437852,0.620980263,0.311418772,0.613282323,0.282538831
point_dance_1,0.534872949,0.449381441,0.527933359,0.44382906,0.591888607,0.384224355,0.58907038,0.372794002,0.618645847,0.322463483,0.604660451,0.294168621
point_dance_1,0.531944335,0.449770451,0.519515216,0.443965524,0.592056334,0.387190163,0.589316487,0.376676172,0.6140306,0.322669387,0.604888558,0.300728977
point_dance_1,0.528744638,0.452208042,0.510176659,0.449306071,0.586904168,0.390235215,0.585904717,0.37970382,0.619031489,0.323813915,0.601543486,0.305927277
Dancing,0.520492554,0.452190727,0.366241127,0.454954922,0.605911195,0.393737286,0.276886404,0.480117977,0.687024117,0.326513946,0.414193809,0.44567436
Dancing,0.524725318,0.445619434,0.425058752,0.451595873,0.608246386,0.391028583,0.505252481,0.455634832,0.685189009,0.329175413,0.602915168,0.37620163
Dancing,0.527635515,0.455750525,0.435326397,0.459369004,0.61209923,0.399926603,0.529351413,0.452846527,0.675606787,0.330594778,0.63124156,0.388390303
Dancing,0.5331738,0.462042809,0.429826617,0.472065836,0.617953598,0.409136951,0.490928531,0.492345423,0.67949158,0.35566169,0.60991925,0.44597882
Dancing,0.536078334,0.463969618,0.424197137,0.47421819,0.617660701,0.415226072,0.490470171,0.484757513,0.688038945,0.366458714,0.57857877,0.43678841
Dancing,0.550216436,0.466584355,0.404468268,0.472566426,0.668618143,0.463838875,0.353696316,0.534562707,0.602833271,0.436281294,0.268508047,0.590938151
Dancing,0.550428808,0.46766305,0.411984384,0.468385935,0.58882767,0.54672873,0.437279135,0.540974855,0.61994803,0.499316782,0.434214115,0.486966938
Dancing,0.46709007,0.451106459,0.286796093,0.461940229,0.583100498,0.417808205,0.14810656,0.500352442,0.669013321,0.365649134,0.247176707,0.460207313
Dancing,0.474269658,0.452225864,0.305017948,0.465483487,0.585654259,0.408849001,0.157975614,0.498363078,0.685299814,0.352779686,0.251529366,0.460532665
Dancing,0.480512291,0.452151716,0.331414193,0.458780706,0.58191514,0.413992941,0.220557913,0.470309019,0.679255784,0.355423808,0.428727806,0.453067958
Dancing,0.545225203,0.453359306,0.381041646,0.4393242,0.584186375,0.527089715,0.288843185,0.400408685,0.630246401,0.599501848,0.219757766,0.353563219
Dancing,0.506403029,0.451770872,0.449091852,0.44072932,0.393664688,0.412198603,0.44135353,0.505412102,0.311464727,0.353107929,0.326642185,0.573115826
Dancing,0.54461807,0.452460945,0.416383326,0.446262419,0.509528399,0.540044606,0.399559736,0.526828229,0.347284794,0.474365234,0.299082488,0.504442573
point_dance_1,0.53655386,0.464548409,0.454069167,0.449682236,0.673750639,0.4379825,0.54777801,0.43341127,0.756203353,0.381712437,0.615559518,0.359346598
point_dance_1,0.523092389,0.459899902,0.471276313,0.444857121,0.653613985,0.421812534,0.615404844,0.418283045,0.727027893,0.363521516,0.709339499,0.354277551
point_dance_1,0.510492146,0.456984699,0.478582174,0.442354769,0.516361058,0.533003986,0.618254244,0.402936846,0.554736078,0.596506953,0.7346524,0.346500009
point_dance_1,0.505340338,0.453842968,0.487215459,0.440889895,0.5525738,0.508812368,0.614593387,0.400683254,0.599877894,0.541689992,0.723914146,0.345443815
point_dance_1,0.498269111,0.453246772,0.488494068,0.441426039,0.584732354,0.414714426,0.614123046,0.39973107,0.606685996,0.359148175,0.709385097,0.343155533
point_dance_1,0.499961525,0.453523695,0.487125427,0.441855043,0.584400952,0.460419565,0.6146788,0.400109679,0.632418871,0.460882187,0.701572478,0.340831608
point_dance_1,0.496911407,0.453610122,0.484760195,0.442254633,0.562353849,0.495206594,0.608506978,0.400278419,0.609043181,0.522844195,0.697301567,0.34241277
point_dance_1,0.49207285,0.453960001,0.474415213,0.443522066,0.506383061,0.541756094,0.60079509,0.402455717,0.538634479,0.613512158,0.694414914,0.343901098
point_dance_1,0.493411809,0.454752833,0.462768972,0.443561137,0.52881515,0.538238049,0.592273831,0.403078318,0.542446852,0.59754765,0.692288697,0.344077796
point_dance_1,0.49369213,0.454402357,0.451072007,0.442588151,0.501853585,0.539661288,0.58002317,0.403196335,0.52567935,0.600463092,0.683725297,0.34675914
point_dance_1,0.490541548,0.456448704,0.431359112,0.446143389,0.497516453,0.540516615,0.564810336,0.403572977,0.519619763,0.595441043,0.67745775,0.349533379
point_dance_1,0.486700773,0.456241697,0.422483742,0.446138322,0.49881953,0.536074996,0.550730705,0.406756341,0.543096662,0.589182496,0.662859678,0.350244343
point_dance_1,0.487112164,0.457636684,0.412564695,0.448188156,0.56638211,0.46344018,0.545417726,0.415890127,0.580619097,0.41972217,0.644499719,0.351104647
point_dance_1,0.487526447,0.459525436,0.409709811,0.452288806,0.546966791,0.514236331,0.545842648,0.422084004,0.543690205,0.538489938,0.642409623,0.354541451
point_dance_1,0.497373611,0.463545471,0.401314974,0.464357078,0.564901412,0.408361524,0.514379621,0.432097822,0.627195716,0.353343368,0.606271088,0.372136414
Dancing,0.498873025,0.463125467,0.376237035,0.46409288,0.570180357,0.399685889,0.421052039,0.488825232,0.630246639,0.333429873,0.514891326,0.428222656
Dancing,0.55481112,0.463714302,0.389802814,0.473020136,0.599867582,0.527605653,0.365697563,0.53775537,0.680616438,0.593186975,0.297780216,0.590487242
Dancing,0.566768885,0.465142578,0.394320607,0.468415678,0.596200585,0.544279158,0.277899355,0.489143282,0.654199064,0.616902471,0.379049003,0.494640291
Dancing,0.583542705,0.434518993,0.42353195,0.452869952,0.578695953,0.453656733,0.361578703,0.501194596,0.537593782,0.417737424,0.322164863,0.56570822
Dancing,0.566215456,0.438928366,0.413856328,0.453073174,0.687576652,0.435754299,0.300438613,0.494635671,0.563147247,0.415949583,0.373599231,0.537945211
Dancing,0.524176657,0.435424238,0.412740082,0.437064409,0.431437254,0.391057998,0.346528947,0.388198763,0.31414634,0.319979936,0.295794249,0.32337755
Dancing,0.609031141,0.435517877,0.473870099,0.435483277,0.603707433,0.412974119,0.378370315,0.379187673,0.459621429,0.396334648,0.316263199,0.316168159
Dancing,0.625705063,0.44551,0.489846885,0.438180923,0.694325447,0.472679704,0.389052451,0.378366768,0.553900957,0.418604076,0.34607318,0.31418395
Dancing,0.623964489,0.44459492,0.452036232,0.440293372,0.577242434,0.503060699,0.374642849,0.388864487,0.493603736,0.553790867,0.274088353,0.333596438
Dancing,0.599665046,0.436194599,0.486482143,0.437108427,0.479466379,0.385902911,0.425874501,0.38060835,0.393800527,0.328646749,0.348867178,0.327367276
Dancing,0.590192437,0.43325758,0.502691507,0.437356383,0.469275892,0.382997036,0.441310465,0.387853265,0.394472718,0.320618302,0.372662008,0.332625329
Dancing,0.62083137,0.447329372,0.500129223,0.438388497,0.722354054,0.438028723,0.428757936,0.393367827,0.611308813,0.437363863,0.366684377,0.340320647
Dancing,0.608833253,0.447678655,0.49243477,0.441225827,0.710296035,0.518005729,0.517490268,0.517411768,0.608705103,0.466434181,0.568415284,0.448252916
Dancing,0.598800719,0.454571247,0.480906457,0.454183102,0.633390367,0.520681739,0.483341902,0.508169174,0.656150579,0.491116941,0.546580791,0.449623019
Dancing,0.60093832,0.454233468,0.474058658,0.45304513,0.703748703,0.458729267,0.356836796,0.50555104,0.630793869,0.473111451,0.458801776,0.468286037
Dancing,0.456835598,0.42160064,0.323400646,0.420458704,0.508607149,0.37578541,0.436919242,0.398395538,0.582735538,0.296521515,0.530585408,0.335180104
point_dance_1,0.51087445,0.42557168,0.429173052,0.423642218,0.580675066,0.372915328,0.521466255,0.369828522,0.649483263,0.313412607,0.633905649,0.320322067
point_dance_1,0.50592351,0.425224245,0.455822796,0.417452157,0.57850045,0.374444544,0.548351586,0.357555836,0.645928502,0.321340084,0.653013229,0.307773679
point_dance_1,0.518386722,0.426040888,0.457418442,0.417334259,0.590790749,0.374273598,0.559378684,0.363568127,0.658658922,0.317062438,0.654876113,0.303566486
point_dance_1,0.521309257,0.425968945,0.465631664,0.416264862,0.590765953,0.375273228,0.571914613,0.366911352,0.662926316,0.320319265,0.668496788,0.305771738
point_dance_1,0.530159354,0.427302927,0.475811332,0.41638118,0.601267099,0.375750929,0.581148684,0.368673742,0.676432192,0.319983751,0.676210701,0.30668962
point_dance_1,0.544982255,0.428122193,0.476859659,0.418623924,0.609386444,0.37567091,0.580998003,0.370550066,0.683135748,0.319484949,0.673109651,0.308889538
point_dance_1,0.54663676,0.430308104,0.487958938,0.420343548,0.606322706,0.376858801,0.586830258,0.371605963,0.679399133,0.321662873,0.674414635,0.310049832
point_dance_1,0.548985541,0.432591856,0.488769531,0.423514187,0.608545065,0.378581882,0.586837888,0.372298986,0.678938448,0.323798358,0.673586369,0.310742915
point_dance_1,0.544620514,0.434073776,0.488460451,0.423364341,0.60743922,0.382707179,0.595194519,0.372529119,0.674849927,0.329186141,0.680937469,0.311239362
point_dance_1,0.545959413,0.435311943,0.485836536,0.423400313,0.619774103,0.388017237,0.591102719,0.372927129,0.678725481,0.332020521,0.680167496,0.313285828
point_dance_1,0.544222951,0.435580254,0.47851786,0.424469143,0.613059044,0.421472013,0.583259225,0.379521221,0.672852397,0.384957254,0.680572867,0.320521802
point_dance_1,0.541796327,0.435176224,0.476492733,0.424397051,0.601708531,0.40975666,0.580579579,0.379478306,0.651528239,0.361610949,0.682662606,0.324810803
point_dance_1,0.53715378,0.435174942,0.474199265,0.419930041,0.605675757,0.405063301,0.57988894,0.379618913,0.651410282,0.354916841,0.677919924,0.333871514
point_dance_1,0.53688103,0.435692132,0.473754108,0.419703096,0.604351699,0.394273579,0.578584731,0.378648609,0.664591432,0.348201811,0.686269283,0.331158668
point_dance_1,0.536591232,0.436583519,0.46897617,0.421060652,0.607589662,0.389961779,0.569508553,0.380959362,0.666468859,0.347861052,0.675133049,0.332011402
Dancing,0.518018663,0.43635115,0.378519535,0.429503679,0.607221067,0.391110122,0.410323977,0.445762098,0.678534389,0.341774642,0.483575016,0.431342304
Dancing,0.526229084,0.430514425,0.395117134,0.431118488,0.553106487,0.512413681,0.358799279,0.507920563,0.578407347,0.586499274,0.297854215,0.578026652
Dancing,0.526548147,0.451462269,0.385658741,0.439547837,0.531670809,0.513202071,0.302202255,0.424011141,0.535730302,0.574748576,0.407904774,0.494027466
Dancing,0.561994493,0.450750411,0.400016755,0.43710956,0.637867332,0.471540451,0.334779322,0.485342264,0.567849755,0.479821682,0.357598871,0.548004329
Dancing,0.495671958,0.42252484,0.396273166,0.418981224,0.394734144,0.390815079,0.325019717,0.369794011,0.283482045,0.320820391,0.269849092,0.317025602
Dancing,0.529726565,0.429280102,0.430125117,0.431942999,0.43588686,0.407397896,0.352649391,0.380504817,0.352767855,0.36048013,0.268663228,0.324636906
Dancing,0.550955534,0.429628551,0.442855328,0.434638828,0.433181942,0.413945496,0.364193797,0.384561867,0.362235039,0.374090105,0.280098587,0.320813328
Dancing,0.559439778,0.430073202,0.448286474,0.435068548,0.431103647,0.416656494,0.37020582,0.390180498,0.365912467,0.377693444,0.290907353,0.322730154
Dancing,0.599694371,0.426186949,0.490894288,0.438864291,0.527426064,0.477406353,0.466409087,0.508975029,0.423673123,0.533248782,0.406220496,0.577827573
Dancing,0.621231318,0.46195215,0.47635895,0.460220635,0.627722204,0.540788531,0.368047833,0.485868543,0.636387229,0.606413782,0.425901592,0.471238375
Dancing,0.50606674,0.450036854,0.362388343,0.412910283,0.602608562,0.507383168,0.262243837,0.350194722,0.579049826,0.5805794,0.198370442,0.293171346
Dancing,0.606917977,0.436221451,0.453128219,0.417227179,0.736626506,0.48589009,0.263855964,0.374468684,0.621254623,0.456191152,0.285145968,0.311103165
Dancing,0.590884805,0.427633911,0.462965012,0.415231228,0.676200449,0.441672027,0.412841618,0.386867344,0.68355608,0.447669327,0.346123219,0.340157658
Dancing,0.472012341,0.405951321,0.367999047,0.405170113,0.507706523,0.464308202,0.385306329,0.412180573,0.611467659,0.459085763,0.326036453,0.349892676
Dancing,0.559812129,0.387086391,0.374592096,0.383137047,0.671763778,0.436960131,0.256610036,0.428752363,0.810957432,0.423685789,0.110215269,0.423746973
Dancing,0.534864187,0.389554143,0.438490808,0.385401428,0.615020573,0.350303799,0.568568528,0.34336251,0.656166732,0.289346337,0.621547461,0.27995795
Dancing,0.475350738,0.4116714,0.356146395,0.421854675,0.548042595,0.357096612,0.4308002,0.361472487,0.602696419,0.290730864,0.456176132,0.296039909
point_dance_1,0.473805755,0.413539559,0.36734724,0.418591887,0.534569442,0.354371667,0.491040558,0.364266008,0.59169066,0.297367096,0.550309181,0.295502722
point_dance_1,0.459318161,0.40960899,0.418113381,0.414185107,0.546771884,0.340929806,0.537131608,0.338730812,0.605183005,0.286402017,0.602426469,0.282089233
point_dance_1,0.460122138,0.407488585,0.437571406,0.413101852,0.534517765,0.354320824,0.54126513,0.346892178,0.591819942,0.30526793,0.618116975,0.289320201
point_dance_1,0.472140491,0.406168848,0.445231587,0.40689382,0.464790851,0.478945792,0.559526801,0.344949186,0.489286721,0.515225589,0.637491524,0.286119133
point_dance_1,0.472978711,0.405435741,0.452582091,0.400364399,0.517870188,0.3807697,0.567254066,0.344222784,0.575315773,0.345077693,0.651699424,0.289938241
point_dance_1,0.472188771,0.40503937,0.464591205,0.399211824,0.461018831,0.47091499,0.577646554,0.347435445,0.503496468,0.492285639,0.658355355,0.29611665
point_dance_1,0.475753993,0.406101882,0.451217473,0.400357664,0.465637594,0.466211557,0.567664385,0.352987617,0.513822496,0.484065294,0.657535195,0.303404361
point_dance_1,0.48424989,0.413042933,0.444835991,0.405826092,0.472728103,0.488905281,0.565263271,0.355254591,0.50485611,0.526072323,0.661094368,0.307444066
point_dance_1,0.490639865,0.415114403,0.441447586,0.40892601,0.533009708,0.40207243,0.568774521,0.356808305,0.529642463,0.429030269,0.666580677,0.309253395
point_dance_1,0.492799461,0.421678841,0.443396032,0.412565529,0.548574507,0.400843233,0.57570225,0.35964632,0.570851862,0.407916874,0.669512689,0.310634196
point_dance_1,0.498235166,0.422272295,0.442375451,0.412897646,0.571357012,0.378322482,0.566536307,0.362251669,0.63865906,0.329419762,0.664185047,0.310752928
point_dance_1,0.503538191,0.423788786,0.432935327,0.414569139,0.572416961,0.380244762,0.559254348,0.36990577,0.649194777,0.327391148,0.659741402,0.314265758
point_dance_1,0.507282555,0.424837172,0.419793546,0.416819572,0.581098616,0.376390308,0.558699191,0.376432329,0.651922524,0.322171152,0.651362717,0.317428291
point_dance_1,0.507640183,0.42418164,0.406766087,0.419618934,0.585928619,0.375565439,0.555181324,0.380207956,0.6539101,0.319407165,0.646002352,0.318116963
point_dance_1,0.507233202,0.427351177,0.400454342,0.421629757,0.587682545,0.374776959,0.53986758,0.382546753,0.65903002,0.319607913,0.644348741,0.32018581
Dancing,0.511347711,0.426928431,0.39006868,0.442064524,0.581654072,0.367518425,0.400015146,0.498717397,0.656653285,0.310748369,0.424636453,0.566020489
Dancing,0.545258641,0.433285564,0.390543908,0.436424971,0.670847356,0.455606639,0.327663958,0.468937933,0.584260345,0.473145068,0.351470172,0.478856176
Dancing,0.551080763,0.431599081,0.386600226,0.432170391,0.634505868,0.501633048,0.312802285,0.494825363,0.544986606,0.459245384,0.339847952,0.439823955
Dancing,0.543073416,0.417707682,0.418755412,0.413969666,0.623272598,0.375380069,0.5265733,0.377867639,0.627335429,0.324790955,0.614042878,0.315545768
Dancing,0.470066488,0.420390218,0.332409441,0.434843361,0.56361419,0.373985589,0.23707521,0.469416767,0.638538897,0.328047246,0.276950151,0.441432774
Dancing,0.471627265,0.427381516,0.335150987,0.432467997,0.566760659,0.374353051,0.36221531,0.397533983,0.657359362,0.311493963,0.547411382,0.352587283
Dancing,0.473444492,0.429969132,0.310669243,0.433706909,0.571513593,0.379747391,0.292931437,0.446889728,0.657419264,0.316316485,0.422366023,0.410634607
Dancing,0.558201849,0.428273112,0.381192088,0.407080591,0.580874443,0.491610855,0.331479281,0.350432783,0.643041551,0.56338799,0.409584165,0.276580453
Dancing,0.570391238,0.409706891,0.408401459,0.42032367,0.681425631,0.377329528,0.366852075,0.492094517,0.610911727,0.397185057,0.345079124,0.560688138
Dancing,0.582792342,0.411664188,0.478718996,0.42368871,0.499071121,0.39177078,0.431147635,0.457144678,0.383432388,0.340536833,0.383230984,0.463158041
Dancing,0.631118536,0.413993359,0.509708643,0.42076841,0.533141196,0.427991569,0.441896766,0.397206038,0.492492259,0.376786321,0.364173859,0.318532407
Dancing,0.598503172,0.403635174,0.4727301,0.414436251,0.554139674,0.428628266,0.438373983,0.460517466,0.481218308,0.438042313,0.394220263,0.405310154
Dancing,0.581486583,0.4900437,0.455498517,0.485808432,0.589381874,0.539469779,0.404127091,0.534608483,0.623118222,0.580225646,0.334122002,0.572818756
Dancing,0.582525253,0.483883291,0.455515981,0.466908038,0.587574303,0.546532214,0.423433512,0.510904431,0.620808065,0.608168542,0.384782702,0.537051558
point_dance_1,0.557105124,0.452100903,0.422256798,0.468839735,0.636199594,0.412137419,0.431370169,0.512520313,0.713851273,0.368538141,0.460317612,0.447595596
point_dance_1,0.550577998,0.448063046,0.429684699,0.461531073,0.644502997,0.400199652,0.488381326,0.479422659,0.718529344,0.355454743,0.528562605,0.418936878
point_dance_1,0.542162776,0.450368583,0.433902055,0.452989995,0.644743562,0.416808993,0.545906603,0.433957905,0.709887862,0.353863508,0.57290256,0.38947925
point_dance_1,0.533845663,0.44618836,0.437659681,0.449576706,0.634868324,0.404415071,0.598166645,0.41332522,0.636188567,0.349185407,0.675740242,0.352927476
point_dance_1,0.538262546,0.443005383,0.445949733,0.449118793,0.628789961,0.401283592,0.587202251,0.406592846,0.652210116,0.342156351,0.649676025,0.343604743
point_dance_1,0.539562464,0.438730001,0.457669795,0.451530874,0.627319932,0.380258501,0.558914244,0.394967914,0.663680255,0.324277848,0.622437537,0.341150612
point_dance_1,0.539921463,0.443807214,0.480291098,0.445116431,0.625899434,0.377953023,0.582847953,0.380691975,0.666073859,0.320839226,0.651357055,0.320030302
point_dance_1,0.536199391,0.447617471,0.489357531,0.447334439,0.597214639,0.430143028,0.581312418,0.385730267,0.643784106,0.421313852,0.646905661,0.322516769
point_dance_1,0.5384565,0.449084193,0.484928817,0.450059414,0.596609056,0.397456408,0.573235333,0.391704977,0.64507699,0.345401227,0.640258253,0.333646119
point_dance_1,0.539794683,0.449553967,0.481158823,0.451548755,0.597733021,0.398114532,0.57353729,0.393920779,0.645488381,0.34268111,0.63783592,0.331084043
point_dance_1,0.540665627,0.452106565,0.478967369,0.454340786,0.598022103,0.397777677,0.569271028,0.400963157,0.646106124,0.342144907,0.631790638,0.331090391
point_dance_1,0.544068575,0.452545553,0.46705699,0.460178763,0.603106022,0.395777106,0.554094911,0.410618603,0.646494985,0.336450636,0.596979678,0.348742217
point_dance_1,0.544790506,0.455895811,0.462432176,0.463245928,0.609873652,0.397281379,0.550680697,0.412774563,0.646616042,0.343161047,0.590354383,0.34758693
point_dance_1,0.543255508,0.458642423,0.456445277,0.464142859,0.609728396,0.401754677,0.552468538,0.415992171,0.643061519,0.35100764,0.602187574,0.355316013
point_dance_1,0.542544723,0.45906058,0.446589351,0.464448273,0.614420116,0.400470912,0.548907161,0.417592615,0.64332372,0.338332355,0.601195455,0.367126167
Dancing,0.542696178,0.46028176,0.436444461,0.462717712,0.627344549,0.401659727,0.538379788,0.445620239,0.673960984,0.34604916,0.622053087,0.397571206
Dancing,0.531670332,0.460092604,0.40262711,0.459559828,0.62710917,0.419192165,0.522364795,0.447230041,0.711374819,0.37354058,0.63906759,0.402501732
Dancing,0.527448237,0.457939714,0.422628194,0.459631741,0.418689907,0.424669504,0.485131741,0.525258362,0.332270265,0.369051665,0.467708319,0.581379235
Dancing,0.579724193,0.465747029,0.472430706,0.467827708,0.463731498,0.443181902,0.408877105,0.447017431,0.390243024,0.403638899,0.295930177,0.407226503
Dancing,0.570592284,0.465335548,0.42572543,0.465061605,0.618494689,0.493039697,0.302384406,0.475881726,0.475196064,0.483179748,0.330275863,0.472991794
Dancing,0.568005979,0.459502161,0.40320766,0.456574351,0.610720932,0.541286826,0.350289047,0.523013473,0.554331601,0.482917458,0.318116605,0.491351217
Dancing,0.56674087,0.45881623,0.448096961,0.451936334,0.650528491,0.510322392,0.504784286,0.497695833,0.654885054,0.444518566,0.519906402,0.475933969
Dancing,0.489692658,0.458314121,0.388316631,0.452240646,0.569521606,0.435144424,0.495350212,0.475711107,0.617337942,0.372261107,0.546203434,0.433105528
Dancing,0.479177445,0.456982076,0.313831508,0.4591133,0.573963404,0.409297943,0.175321922,0.498754591,0.685817242,0.353328645,0.265065879,0.460648954
Dancing,0.495996386,0.438594252,0.341833532,0.447632074,0.594198108,0.387254953,0.314256221,0.470288098,0.702570498,0.33309564,0.370329201,0.413621038
Dancing,0.542091131,0.454546511,0.368909627,0.449449062,0.588551521,0.526805282,0.356258392,0.36892575,0.677224576,0.595434904,0.367821246,0.284816086
Dancing,0.552260518,0.446741521,0.484149724,0.446348011,0.458984286,0.410783857,0.369497985,0.394136965,0.437136889,0.352412879,0.3326765,0.335122764
Dancing,0.552457273,0.454493612,0.464800417,0.450399071,0.545612216,0.539653003,0.372752845,0.519552588,0.475720167,0.483065665,0.360298336,0.508626461
Dancing,0.548419356,0.474594265,0.379861325,0.476342291,0.565513849,0.575556457,0.33757478,0.570228457,0.525133908,0.519108772,0.34867698,0.506218612
Dancing,0.493243098,0.462542683,0.397079945,0.459213644,0.564429224,0.422104657,0.53789103,0.42788142,0.615024269,0.3715114,0.628144801,0.361321747
Dancing,0.500419497,0.460894644,0.398858428,0.462788194,0.507198393,0.494927078,0.536519468,0.425238758,0.522823095,0.549765348,0.623780251,0.361823589
point_dance_1,0.505013585,0.44619441,0.396722078,0.458122402,0.568691611,0.378964156,0.456144154,0.387190521,0.669199049,0.325905293,0.517761886,0.347107291
point_dance_1,0.497771114,0.443225473,0.398915529,0.4462758,0.569615543,0.379075974,0.486212283,0.364418209,0.643360555,0.321239114,0.597972751,0.318035632
point_dance_1,0.498890042,0.439435005,0.412732869,0.434837192,0.569209099,0.377927512,0.532806098,0.362057239,0.63190484,0.322923213,0.633654416,0.29979381
point_dance_1,0.497594446,0.443747133,0.425013661,0.43250823,0.572969079,0.371490061,0.549794436,0.36380747,0.640833378,0.316322923,0.634414613,0.301903605
point_dance_1,0.501316428,0.446313769,0.433031291,0.436689317,0.572337568,0.389391601,0.556967735,0.369758785,0.627795517,0.347136945,0.647158921,0.310853601
point_dance_1,0.501948774,0.451981127,0.436825871,0.439633429,0.569738448,0.496278465,0.553707659,0.377511412,0.622051179,0.473218769,0.650850058,0.316643625
point_dance_1,0.51160109,0.456234217,0.439920127,0.441339165,0.569577277,0.512954831,0.556884408,0.380726993,0.619069695,0.518629372,0.653985023,0.321946919
point_dance_1,0.517567158,0.457370669,0.441784501,0.442448705,0.572518289,0.423324972,0.565283656,0.381236702,0.619612217,0.387262613,0.660589457,0.321830809
point_dance_1,0.52092433,0.463887393,0.441622257,0.443168551,0.572306216,0.520224094,0.56448853,0.38412717,0.61819905,0.506299675,0.660962999,0.325280935
point_dance_1,0.520797491,0.465475887,0.442777902,0.443182647,0.566072941,0.516190886,0.558263898,0.385987669,0.617016435,0.502744794,0.662274599,0.326709867
point_dance_1,0.524537742,0.462615967,0.44423157,0.442611605,0.560787618,0.531846046,0.560109794,0.388631374,0.61607337,0.564769924,0.666561246,0.328026116
point_dance_1,0.524576545,0.456663847,0.44358322,0.441177547,0.574709654,0.41029048,0.559478283,0.39040345,0.644549072,0.360759079,0.670560241,0.330304116
point_dance_1,0.521818995,0.45669952,0.442175835,0.437546432,0.582811117,0.404062569,0.560497522,0.39179951,0.648264587,0.353482425,0.670844197,0.330567032
point_dance_1,0.508760571,0.456329197,0.440970838,0.436565101,0.581082046,0.406971067,0.561392784,0.392101198,0.640879095,0.362786204,0.667689383,0.331941724
point_dance_1,0.509541392,0.458974987,0.44119069,0.437159836,0.579983711,0.41459465,0.566663384,0.390459597,0.638204992,0.390938699,0.6716519,0.33203724
Dancing,0.509775221,0.453286111,0.391047806,0.439808697,0.592849195,0.399063766,0.508215487,0.444148302,0.662980378,0.340202779,0.603979349,0.386617362
Dancing,0.541912735,0.44476366,0.40307799,0.433641732,0.589461923,0.50005734,0.436106056,0.356066823,0.624799192,0.57208842,0.490279555,0.285287082
Dancing,0.551038146,0.43802461,0.403622061,0.43172875,0.600339234,0.498619318,0.32030198,0.387487829,0.652436018,0.561158001,0.369257778,0.393860877
Dancing,0.547100842,0.446001202,0.41579771,0.466341555,0.494917214,0.533166409,0.400822282,0.533030629,0.408599675,0.513032317,0.383690685,0.494369209
Dancing,0.539910316,0.482883126,0.414799362,0.489308417,0.521287262,0.542141616,0.427435935,0.553242743,0.511856854,0.512775779,0.451595128,0.509996116
Dancing,0.518868327,0.475528061,0.384638608,0.477631986,0.509227216,0.497546434,0.374586016,0.492931366,0.464008152,0.471217692,0.440955788,0.45558995
Dancing,0.501372099,0.479878843,0.368989259,0.474556148,0.494174361,0.533253074,0.312437713,0.421592623,0.432770878,0.571732402,0.246249452,0.362846315
Dancing,0.470739543,0.482637495,0.380143642,0.474564224,0.480182946,0.534150064,0.423963428,0.499875695,0.515795469,0.547336042,0.504986763,0.481689036
Dancing,0.478645027,0.479810089,0.380815089,0.475010246,0.490388244,0.404448569,0.444245785,0.421287596,0.554044664,0.362958252,0.53176862,0.40229401
Dancing,0.427632451,0.463358253,0.299625278,0.452856451,0.502197623,0.397351682,0.339481801,0.483392566,0.575020075,0.345934987,0.458996952,0.439883769
Dancing,0.532440662,0.451205552,0.455866665,0.444909096,0.584548354,0.387863398,0.573114336,0.390705049,0.646816075,0.338090092,0.653752685,0.334957421
Dancing,0.594587862,0.45387435,0.473183185,0.44311437,0.711293817,0.426831543,0.479497194,0.379494131,0.635789454,0.396967322,0.36647284,0.323035777
Dancing,0.570893347,0.427361906,0.422388971,0.442901433,0.620145023,0.359540313,0.409372836,0.511685252,0.588616908,0.296879321,0.385950059,0.576252043
Dancing,0.566276491,0.42427057,0.42046088,0.42658025,0.623930335,0.488567442,0.40905872,0.496459305,0.672156036,0.440099478,0.391659677,0.559441686
Dancing,0.475364774,0.422625959,0.330772907,0.421823114,0.524951875,0.408260047,0.41196987,0.415373147,0.634980619,0.32912305,0.503748,0.35510084
Dancing,0.53393513,0.420103014,0.390518069,0.42533344,0.618128777,0.374595106,0.388774872,0.460158437,0.63588208,0.297452986,0.340876102,0.522528112
Dancing,0.559041917,0.422754437,0.39559564,0.426464796,0.679846346,0.444636106,0.366373867,0.469802797,0.630089283,0.423207462,0.344717592,0.555373788
Dancing,0.552812815,0.43178758,0.398600847,0.427354187,0.597665608,0.492029518,0.341472089,0.461835802,0.645254672,0.526725888,0.355351239,0.464734256
Dancing,0.537296057,0.427917421,0.423850685,0.42709741,0.422424912,0.378310621,0.345406562,0.390904695,0.328011245,0.331050575,0.289570898,0.314451098
Dancing,0.539188325,0.436698258,0.435371697,0.433543772,0.430793375,0.404316247,0.352706373,0.384545505,0.342249453,0.353560507,0.265377343,0.323891193
Dancing,0.56083864,0.434696913,0.451414287,0.432828486,0.467680901,0.442534834,0.358139664,0.386666715,0.390808493,0.39534691,0.278294116,0.315442801
Dancing,0.553617239,0.41490525,0.411741227,0.410061687,0.641194642,0.435261309,0.318360507,0.353216022,0.533327937,0.407726377,0.388418972,0.381233394
Dancing,0.536505342,0.4157601,0.386126339,0.414410681,0.632301569,0.439783335,0.264322311,0.390330404,0.545208514,0.433229774,0.352183491,0.401640981
point_dance_1,0.552823663,0.423683494,0.478895456,0.416425943,0.661364973,0.400635093,0.601444185,0.385259151,0.691145122,0.341516823,0.664074838,0.318775266
point_dance_1,0.552752495,0.42257148,0.497983634,0.414972603,0.64494741,0.385332555,0.620156586,0.377175868,0.702027321,0.329125583,0.694652796,0.313220531
point_dance_1,0.552796245,0.422841877,0.502640843,0.415315866,0.637429476,0.378345668,0.620719612,0.370081365,0.70226866,0.324997991,0.702832997,0.310132325
point_dance_1,0.549482286,0.424848408,0.50609535,0.415721506,0.632034957,0.377980024,0.624810934,0.369095385,0.699343085,0.322990716,0.705359578,0.309087455
point_dance_1,0.547032654,0.42801708,0.507540882,0.415792793,0.62823087,0.378057867,0.619103312,0.369817495,0.694231391,0.32412228,0.697742224,0.311759889
point_dance_1,0.546468914,0.431457937,0.506868422,0.416286856,0.623504162,0.381870121,0.613533556,0.3711496,0.66518873,0.372822374,0.693184257,0.311313927
point_dance_1,0.546524823,0.434310734,0.502669036,0.416585982,0.622402906,0.384116799,0.607203007,0.371157885,0.677256167,0.348992407,0.691107452,0.312525839
point_dance_1,0.547174871,0.436080396,0.498587072,0.417630136,0.618524492,0.386122525,0.60510391,0.371744573,0.672195852,0.345657289,0.690253973,0.313862532
point_dance_1,0.546194017,0.435848624,0.495324016,0.418888152,0.597976327,0.417047024,0.600433409,0.373322278,0.634436011,0.407265812,0.68627274,0.31532377
point_dance_1,0.54593271,0.435938597,0.494947731,0.420966923,0.575568795,0.443771034,0.598252714,0.373954237,0.613366723,0.443762064,0.688143015,0.315483868
point_dance_1,0.544619501,0.435884237,0.486422509,0.421459138,0.581040978,0.431967169,0.592719853,0.374753296,0.651973188,0.354604065,0.683098793,0.315373093
point_dance_1,0.544677496,0.436559111,0.473813415,0.42199555,0.587248385,0.402474791,0.588147581,0.375315309,0.673365057,0.338793814,0.681455135,0.316993266
point_dance_1,0.543264449,0.436832368,0.468671799,0.421871245,0.588647842,0.39498499,0.585791171,0.374978423,0.681199968,0.336485744,0.68155998,0.317876488
point_dance_1,0.543354154,0.436700881,0.459466964,0.422127873,0.593316674,0.390554607,0.583273113,0.376092553,0.682979822,0.334605515,0.679528058,0.318458021
point_dance_1,0.543424249,0.435826153,0.450665832,0.42216,0.596668005,0.385986269,0.579653382,0.378221452,0.682236254,0.333476365,0.677621186,0.320337087
Dancing,0.59873426,0.423389584,0.455010682,0.431521356,0.617035985,0.347840726,0.429438233,0.500534356,0.644995689,0.275569111,0.354519039,0.554441571
Dancing,0.598682642,0.431843281,0.466980577,0.428849608,0.582210898,0.452293217,0.397204578,0.400274426,0.5552724,0.404918432,0.323339224,0.335989743
Dancing,0.553791404,0.399745375,0.392688066,0.417638838,0.50052458,0.466745764,0.332233399,0.478431761,0.440169394,0.411312729,0.340205967,0.406589448
Dancing,0.478788674,0.383418977,0.395393461,0.384740591,0.521360874,0.331799924,0.406462252,0.344938368,0.503955781,0.270217836,0.437964976,0.284035385
Dancing,0.466227114,0.42266044,0.34787178,0.43259567,0.53209132,0.352653921,0.417818904,0.369829625,0.595939577,0.28452909,0.432323933,0.273545742
Dancing,0.450227916,0.430933654,0.321682274,0.440072536,0.519013941,0.37576884,0.257480621,0.450012058,0.593246996,0.325144559,0.340105504,0.411154181
Dancing,0.495698303,0.434000075,0.408712417,0.446477652,0.430664361,0.412585407,0.389473349,0.521444142,0.318666726,0.362567186,0.370348275,0.562790036
Dancing,0.547618032,0.433276474,0.428534031,0.433104217,0.501067758,0.490623415,0.364812732,0.389488339,0.456397116,0.547176301,0.274483651,0.377350837
Dancing,0.548535764,0.438611269,0.403639913,0.434132904,0.563440561,0.516543746,0.25531143,0.424495995,0.575371087,0.586013854,0.325684935,0.394824922
Dancing,0.655242503,0.448184311,0.494879365,0.436263621,0.82179004,0.468643039,0.386091232,0.406480014,0.719824135,0.464889675,0.32318148,0.364904344
point_dance_1,0.587813973,0.406143814,0.477878958,0.400140822,0.668466687,0.354378402,0.595833242,0.34833777,0.720362961,0.301393449,0.672822535,0.282875955
point_dance_1,0.583589613,0.402073562,0.488901973,0.397154987,0.637817502,0.343072057,0.620547175,0.341925621,0.710279822,0.287039697,0.701559186,0.275039107
point_dance_1,0.555372059,0.402877629,0.489277005,0.39672488,0.574826539,0.394625694,0.62475282,0.342325747,0.582392573,0.382191926,0.70867002,0.277518094
point_dance_1,0.53026557,0.402194172,0.497467726,0.392878711,0.56951952,0.395533144,0.622409403,0.337913871,0.586818278,0.381402105,0.706627131,0.274736166
point_dance_1,0.529230773,0.404268742,0.495039254,0.396322221,0.494079471,0.468755245,0.613005161,0.338417321,0.466578662,0.500998199,0.696950495,0.272675455
point_dance_1,0.519699752,0.405687809,0.50780791,0.397531807,0.47835815,0.474600166,0.620833516,0.341210306,0.475161135,0.502031088,0.69360441,0.277401775
point_dance_1,0.518961668,0.406641424,0.502760649,0.397514194,0.482877463,0.477654755,0.616969049,0.340676814,0.497031093,0.505975008,0.693261325,0.277083635
point_dance_1,0.518104136,0.406301886,0.504699469,0.396769315,0.482784748,0.477221489,0.615937889,0.340910494,0.511167228,0.492247015,0.692691743,0.279416531
point_dance_1,0.516088843,0.406244367,0.501584291,0.397890389,0.527801454,0.420549303,0.60929811,0.34371227,0.559022903,0.406563997,0.686741233,0.281962335
point_dance_1,0.515748262,0.406596422,0.496896476,0.398312032,0.585958719,0.369279712,0.611305594,0.345202327,0.60334456,0.36368385,0.682402611,0.283288181
point_dance_1,0.521446228,0.406401068,0.474153847,0.398849636,0.608107805,0.357098192,0.603719175,0.345747173,0.662395418,0.299313605,0.670378566,0.284207582
point_dance_1,0.525470614,0.406583965,0.45465219,0.399244487,0.6153844,0.357397258,0.601024389,0.351880759,0.662782311,0.301882207,0.668736637,0.290698469
point_dance_1,0.529884994,0.406368315,0.428890824,0.399538487,0.619298577,0.353853643,0.582668126,0.355036676,0.661032259,0.294189155,0.648153543,0.292980492
point_dance_1,0.526846766,0.407304227,0.421321034,0.400880426,0.604497612,0.361030608,0.569776118,0.360418379,0.661222517,0.311124355,0.649958968,0.305873096
point_dance_1,0.524743617,0.407835335,0.4107337,0.40219003,0.597934544,0.361106098,0.543426275,0.365533173,0.656604528,0.318387806,0.649490893,0.322754323
Dancing,0.499247909,0.420489699,0.342332423,0.428508818,0.593065798,0.3662045,0.204921618,0.448042214,0.669367373,0.319602847,0.316991836,0.422811657
Dancing,0.55358851,0.437740266,0.374950737,0.448621273,0.647019923,0.484161526,0.33016941,0.515337884,0.756601453,0.519750476,0.246891409,0.565260053
Dancing,0.579804778,0.432585478,0.478024065,0.441368014,0.527305424,0.411108732,0.446034193,0.513760984,0.453240842,0.345681757,0.421016306,0.580471635
Dancing,0.576850951,0.432572544,0.413647473,0.434630096,0.58266443,0.509269178,0.270033032,0.462359011,0.575746298,0.582081854,0.360596597,0.473569065
Dancing,0.671155691,0.433752716,0.52543503,0.431135595,0.6994555,0.460255057,0.398336619,0.379487693,0.592243195,0.474596918,0.367490947,0.338121891
Dancing,0.657224476,0.431217998,0.518963039,0.419707626,0.681673884,0.457926452,0.405225843,0.374528497,0.563970387,0.439872205,0.354843378,0.319625556
Dancing,0.656011939,0.430365086,0.51125139,0.418274105,0.696041167,0.449680805,0.404467434,0.386369616,0.570070565,0.435703814,0.35965541,0.325750589
Dancing,0.621064067,0.406150043,0.470556766,0.412371874,0.564672291,0.444976002,0.425269902,0.464279801,0.431386143,0.443738699,0.472110718,0.431582212
Dancing,0.646346211,0.388005346,0.477385581,0.38261348,0.724981844,0.326678157,0.395330399,0.315160751,0.615618765,0.270051569,0.480670303,0.271760702
Dancing,0.573253989,0.494545549,0.462803692,0.476918876,0.548500836,0.54156971,0.43894127,0.519467056,0.5627141,0.577381253,0.405458331,0.541499972
Dancing,0.516797245,0.465245545,0.366668791,0.475345284,0.569524407,0.427312672,0.427897036,0.498983383,0.634633482,0.370666206,0.482238054,0.447185427
Dancing,0.534475505,0.461261272,0.397785306,0.466076225,0.59747529,0.424966872,0.52523613,0.436446965,0.641561568,0.37278834,0.616111994,0.387604892
Dancing,0.539620996,0.460862577,0.407884777,0.467606008,0.630208731,0.422174394,0.384974331,0.470066369,0.716638327,0.38062349,0.571371317,0.442129701
Dancing,0.534080684,0.461030245,0.397264957,0.467565209,0.62920928,0.417931229,0.266097337,0.47910127,0.708652794,0.370636851,0.366210401,0.452892482
Dancing,0.538757145,0.445504963,0.406195372,0.455636084,0.576414049,0.376646519,0.338910788,0.50116092,0.588161111,0.326525033,0.375563085,0.557335436
Dancing,0.553598166,0.457267463,0.414726973,0.458816826,0.576334834,0.531558454,0.357713997,0.462787926,0.602874041,0.477462947,0.464842141,0.474116862
point_dance_1,0.555471778,0.453450739,0.456273824,0.449482739,0.656625688,0.454003632,0.578285456,0.435358763,0.645186305,0.379129916,0.590179324,0.368279427
point_dance_1,0.555685222,0.452942133,0.468390018,0.449050754,0.665259421,0.425878197,0.582143366,0.423292786,0.663246095,0.357438713,0.613078415,0.349191129
point_dance_1,0.555652618,0.450931877,0.476281732,0.446380377,0.645127833,0.405039966,0.574035704,0.40053612,0.671341777,0.34691745,0.622650445,0.337295383
point_dance_1,0.538449764,0.444835812,0.487015605,0.439888149,0.632196009,0.396178991,0.59873265,0.390355945,0.661206126,0.340334833,0.655715406,0.327532619
point_dance_1,0.528548539,0.440786749,0.490207195,0.434716403,0.59496814,0.40617761,0.588878095,0.386899889,0.653526247,0.35017246,0.653794587,0.32684356
point_dance_1,0.520716071,0.443025887,0.488251328,0.436935574,0.592530549,0.393053323,0.583075404,0.385332286,0.654473245,0.330413878,0.650252759,0.320117712
point_dance_1,0.515924156,0.442705452,0.489248246,0.43836993,0.584541559,0.387398303,0.578030467,0.381010443,0.651299655,0.329553694,0.645245135,0.31392473
point_dance_1,0.50979507,0.444267601,0.484773219,0.440186262,0.578231752,0.388220996,0.566958427,0.388085306,0.650160193,0.325670987,0.63733995,0.317679584
point_dance_1,0.512492836,0.445418656,0.482230425,0.440304279,0.578416348,0.386615336,0.559256852,0.389095008,0.64203161,0.322625607,0.6215325,0.325454175
point_dance_1,0.511773765,0.445876926,0.472327203,0.444534928,0.573423147,0.393723428,0.557759285,0.39474085,0.635975778,0.361728787,0.615838289,0.334457874
point_dance_1,0.51424098,0.451954067,0.45710355,0.452618659,0.553307891,0.506003737,0.54966408,0.396402806,0.576503396,0.542015076,0.604768991,0.341826856
point_dance_1,0.514035285,0.45488739,0.435907185,0.458084106,0.550799847,0.493512064,0.534568965,0.411826074,0.571524501,0.507825553,0.601148903,0.350732863
point_dance_1,0.510067165,0.454792827,0.42549783,0.457280934,0.551066041,0.494052261,0.531165004,0.418900102,0.567171633,0.515800357,0.588834047,0.359357983
point_dance_1,0.501883805,0.454703391,0.415706754,0.456673801,0.550805688,0.475228459,0.531470358,0.41997385,0.566650748,0.472935677,0.590419948,0.35925293
point_dance_1,0.488141507,0.454772145,0.406194001,0.456574857,0.549203336,0.430623144,0.531746447,0.42099458,0.567651093,0.381338239,0.598809063,0.356546253
Dancing,0.558681905,0.457699627,0.407414466,0.456467718,0.587805271,0.505402863,0.366722077,0.493966103,0.624053955,0.551828861,0.327506214,0.530752301
Dancing,0.576518416,0.449595541,0.415923536,0.458193213,0.584025979,0.384198844,0.430134714,0.522331595,0.598708272,0.30425781,0.440394253,0.589118123
Dancing,0.540847778,0.440697283,0.495085359,0.451138079,0.422209084,0.377138108,0.458557934,0.520418882,0.362835437,0.311848819,0.450451821,0.569936931
Dancing,0.634161115,0.441778094,0.496118009,0.439678609,0.689250708,0.460568726,0.394426256,0.398295432,0.54720813,0.438893229,0.290303141,0.352621526
Dancing,0.578635097,0.442573637,0.410397708,0.436549574,0.632174313,0.438871205,0.297265172,0.389343679,0.526149392,0.424643457,0.204795733,0.334008336
Dancing,0.572932601,0.446292639,0.411151707,0.438437939,0.565596044,0.506664038,0.3808451,0.485216469,0.548342109,0.499616206,0.51192528,0.432073355
Dancing,0.571345747,0.446348965,0.39980796,0.438837707,0.561866105,0.509439051,0.377753317,0.49735707,0.492231101,0.455417156,0.328924924,0.472155422
Dancing,0.594189405,0.453906685,0.384716421,0.449555695,0.730080009,0.522156954,0.251363873,0.514535844,0.627354145,0.518732429,0.372482091,0.508327186
Dancing,0.544824898,0.459734261,0.354712784,0.460373342,0.615763426,0.538625836,0.249229893,0.52470082,0.745301366,0.576326728,0.104610562,0.546248794
Dancing,0.575684667,0.4718422,0.397800624,0.468156904,0.587792397,0.546267509,0.315855861,0.524939418,0.587639928,0.613542914,0.37802428,0.592177987
Dancing,0.518934786,0.470428526,0.391889751,0.471972406,0.561627269,0.412001044,0.487419307,0.458999336,0.625889421,0.361899793,0.559653938,0.408652246
Dancing,0.512268603,0.465987056,0.391147316,0.462118328,0.571179509,0.4060978,0.498902678,0.446928024,0.623799145,0.353830129,0.584147811,0.393759638
Dancing,0.49722591,0.465989113,0.3777273,0.468747288,0.567036092,0.397145301,0.265011817,0.471764803,0.634474874,0.337944329,0.394310772,0.446894407
Dancing,0.514944434,0.451967567,0.390094727,0.438125312,0.573216856,0.493567079,0.433812469,0.366337091,0.633106411,0.552771389,0.5579983,0.325248897
Dancing,0.513600409,0.436788172,0.387541413,0.422967613,0.523679852,0.450042635,0.356737614,0.363131702,0.538902044,0.407739162,0.29007116,0.296413213
Dancing,0.542918921,0.47686848,0.403950661,0.487307161,0.538169503,0.553056717,0.370191485,0.550691664,0.53256762,0.446134984,0.344098032,0.507588029
point_dance_1,0.531899571,0.470461756,0.5094679,0.457457483,0.548403025,0.46009025,0.615446925,0.414672136,0.575937867,0.430846691,0.663478374,0.347304791
point_dance_1,0.520952225,0.467378795,0.520867944,0.447977453,0.532412887,0.511738539,0.608641386,0.389199555,0.547873557,0.534824252,0.663647056,0.334182799
point_dance_1,0.518721461,0.464114904,0.516743541,0.442342043,0.530058086,0.516673446,0.603836596,0.381851465,0.549143434,0.546371639,0.653913558,0.329632878
point_dance_1,0.515078008,0.463809729,0.50593096,0.44173494,0.525830686,0.523306072,0.577642083,0.39127484,0.530690014,0.561026633,0.640042067,0.337968975
point_dance_1,0.515913844,0.464579344,0.493892461,0.442432553,0.528784037,0.526276231,0.570314467,0.391516447,0.549482167,0.568097532,0.63412565,0.336998552
point_dance_1,0.516400933,0.465990603,0.486818314,0.442946494,0.52925849,0.524950802,0.564872801,0.392320096,0.550461829,0.570784152,0.628646493,0.336958319
point_dance_1,0.515162468,0.466257036,0.485043198,0.439893305,0.531488061,0.53179574,0.567759156,0.390915811,0.54911387,0.57622236,0.629192472,0.336170286
point_dance_1,0.515504062,0.468082964,0.484262437,0.442531347,0.527497351,0.541462481,0.555380106,0.395717561,0.537533045,0.595064282,0.623106718,0.340816975
point_dance_1,0.515622437,0.474143088,0.46540463,0.452930629,0.527962923,0.543002307,0.550320506,0.39830029,0.541884661,0.593157828,0.61923492,0.34398222
point_dance_1,0.518974841,0.477331012,0.440791577,0.461514801,0.561940789,0.463234425,0.545122683,0.399369776,0.566220403,0.393186688,0.616124928,0.34562245
point_dance_1,0.518589139,0.47849521,0.42544654,0.459684432,0.572604656,0.435270488,0.543001235,0.400751442,0.586460531,0.370084226,0.612673759,0.346953928
point_dance_1,0.506909132,0.476733029,0.414656788,0.458404779,0.570352316,0.462094635,0.542359591,0.401508003,0.583575845,0.427706152,0.607040167,0.345164239
point_dance_1,0.503432691,0.475683391,0.402263433,0.458960623,0.554216981,0.415429026,0.525577247,0.403835863,0.584844708,0.371004969,0.605169356,0.34614563
point_dance_1,0.486845553,0.473112434,0.390985399,0.45818153,0.537971735,0.407598168,0.505340099,0.403379291,0.572230458,0.377091438,0.590948462,0.361507833
point_dance_1,0.488114506,0.470006526,0.382087171,0.463227093,0.538506746,0.399654299,0.484438568,0.407867759,0.569708705,0.358469874,0.56605804,0.376159042
Dancing,0.449712753,0.450453371,0.293796897,0.457300991,0.529067814,0.39176777,0.255297065,0.489083529,0.58718133,0.34048,0.391519964,0.456381649
Dancing,0.490769327,0.448805183,0.371632397,0.456826627,0.577881217,0.389435142,0.333141625,0.464513481,0.6535514,0.333621025,0.459099233,0.412249088
Dancing,0.520993352,0.445055872,0.458551109,0.440229505,0.569559455,0.40846619,0.562147498,0.397342652,0.62660408,0.416123569,0.657109499,0.339104593
Dancing,0.519753695,0.448844045,0.416055471,0.445270449,0.584183335,0.393239021,0.483017743,0.470449388,0.654655814,0.335200429,0.581967592,0.413432747
Dancing,0.568368137,0.454131901,0.427143633,0.468439668,0.67130971,0.436328977,0.366215646,0.512461543,0.597937703,0.43884629,0.378416181,0.564662278
Dancing,0.519312263,0.45438242,0.451855332,0.465102971,0.425487787,0.411431074,0.417117178,0.505291939,0.35829705,0.35159874,0.398660779,0.519170582
Dancing,0.593300045,0.462193668,0.462131768,0.470638037,0.548173547,0.527321637,0.44005233,0.529827833,0.456160396,0.459889323,0.453201801,0.547476828
Dancing,0.539735258,0.432308674,0.489847779,0.419179857,0.607294559,0.385121077,0.58812356,0.374360204,0.674777925,0.330586553,0.675191045,0.312728733
Dancing,0.529127479,0.432248056,0.401295245,0.43711406,0.605624616,0.382788658,0.400529593,0.460444987,0.676260591,0.330088496,0.459165961,0.430876017
Dancing,0.561932862,0.409585059,0.431698918,0.433122218,0.601803184,0.339061558,0.40944016,0.490702689,0.616077065,0.251717955,0.345457911,0.532452285
Dancing,0.554825306,0.435379118,0.445716739,0.447482526,0.443401217,0.40773803,0.392639577,0.424940825,0.357229948,0.358638704,0.31659466,0.367230177
Dancing,0.568135381,0.447728157,0.438490689,0.44037056,0.646338642,0.491792053,0.35020557,0.402111232,0.408780843,0.45871383,0.265874982,0.341637552
Dancing,0.554778934,0.423450559,0.402740806,0.427435577,0.587609828,0.458113849,0.37013036,0.439257085,0.522320032,0.460345894,0.388505161,0.430033296
point_dance_1,0.548783898,0.426001936,0.413346112,0.442226648,0.61784631,0.394778311,0.410436004,0.430691332,0.694936514,0.348998725,0.428526759,0.408524513
point_dance_1,0.54011935,0.426257849,0.42031908,0.441451728,0.617702246,0.379316896,0.497688621,0.384305716,0.711377442,0.328387141,0.56131196,0.350920737
point_dance_1,0.540931046,0.426466316,0.424462676,0.431619942,0.620590687,0.375689328,0.556917727,0.364353627,0.713909507,0.321868539,0.674999893,0.316695958
point_dance_1,0.544856787,0.424589723,0.445926964,0.425602376,0.61918211,0.373812497,0.581625164,0.368518412,0.69562459,0.319364607,0.680555582,0.314347208
point_dance_1,0.54864043,0.424492985,0.463343471,0.421599478,0.62574935,0.371263713,0.594436884,0.371752232,0.70405364,0.316882372,0.686008513,0.314520806
point_dance_1,0.55217576,0.425844908,0.474374592,0.4213489,0.602062523,0.440165222,0.603837132,0.375389993,0.638723969,0.439086765,0.696241558,0.313319147
point_dance_1,0.561788559,0.429557025,0.47555992,0.422903478,0.623676598,0.391162366,0.599497318,0.377969265,0.698277295,0.333661765,0.696053386,0.315334976
point_dance_1,0.570867777,0.432511657,0.481459886,0.423329592,0.636264682,0.380961001,0.604325294,0.378596485,0.710914552,0.322562754,0.700935364,0.318227917
point_dance_1,0.575070202,0.434608132,0.482664526,0.424460232,0.642951608,0.380850703,0.607337177,0.379546165,0.716641426,0.324019462,0.703555167,0.321052402
point_dance_1,0.576251149,0.436811209,0.483582765,0.427360713,0.6405316,0.38224563,0.607217491,0.379962027,0.715629995,0.326012909,0.70668155,0.321632206
point_dance_1,0.574685216,0.440236896,0.485120565,0.429103076,0.641440094,0.382882297,0.606475592,0.380456448,0.716070712,0.328380048,0.707051933,0.323054194
point_dance_1,0.573624611,0.440423727,0.483283788,0.429951996,0.641409457,0.38346225,0.604541719,0.380785555,0.718744516,0.329886556,0.713055491,0.323887318
point_dance_1,0.573392928,0.441607296,0.482610583,0.429888189,0.639421046,0.390200973,0.602020442,0.380821049,0.71797055,0.329982758,0.716365159,0.324449301
point_dance_1,0.573217332,0.442213535,0.482362866,0.429848433,0.656718194,0.396798015,0.598824441,0.384478748,0.714896381,0.338566601,0.707551122,0.334652841
point_dance_1,0.573159337,0.441690207,0.480715215,0.429622471,0.65157032,0.387417197,0.584490657,0.387220383,0.71691376,0.338517249,0.703158796,0.338502645
point_dance_1,0.573067188,0.441626787,0.473290175,0.43011871,0.649801493,0.387535483,0.572800338,0.395455658,0.715441883,0.342258811,0.68707478,0.354234874
point_dance_1,0.570774674,0.444428116,0.464726597,0.435201883,0.648275256,0.387589455,0.559464097,0.404175997,0.700216353,0.346742511,0.655337572,0.365741551
Dancing,0.629115522,0.438780785,0.483080745,0.435443312,0.691277802,0.381956398,0.470855981,0.500832677,0.65591377,0.319639891,0.420636415,0.57144171
Dancing,0.616499782,0.455997795,0.471345484,0.449019134,0.6283167,0.516437411,0.364918888,0.456718594,0.624987066,0.587901473,0.414484531,0.475013077
Dancing,0.614668131,0.452333152,0.474628329,0.436744839,0.676476181,0.481445611,0.389987618,0.391267449,0.578556538,0.448769987,0.331158012,0.324675083
Dancing,0.619714916,0.448996842,0.478392184,0.427860737,0.742795408,0.462808132,0.397587806,0.378189474,0.638651788,0.455145985,0.318414778,0.31696099
Dancing,0.593130946,0.449918985,0.463705897,0.428423256,0.712723196,0.454011261,0.380300343,0.380453646,0.660364985,0.444218725,0.30760017,0.315007269
Dancing,0.535473406,0.415738523,0.44417724,0.419013411,0.43471095,0.367985457,0.347585648,0.355628759,0.322060198,0.316774696,0.250242054,0.30035767
Dancing,0.583403051,0.422096193,0.446607769,0.414104044,0.543430805,0.414153337,0.36475876,0.362325132,0.506561637,0.345407695,0.276591718,0.301093996
Dancing,0.612005115,0.42420429,0.459834963,0.416581571,0.737345219,0.452058554,0.371943206,0.37032479,0.605586648,0.419457257,0.292039603,0.307193756
Dancing,0.569438517,0.409808785,0.417384982,0.415304989,0.616961598,0.443989128,0.362755805,0.439453691,0.588367462,0.43063274,0.407732546,0.406587273
Dancing,0.465717018,0.403832048,0.357993156,0.413944423,0.477988988,0.469377577,0.365767211,0.43058148,0.490349352,0.507815242,0.336837232,0.377996385
Dancing,0.468933374,0.381872386,0.381770372,0.384959906,0.522115648,0.332720339,0.417873472,0.364287317,0.505167365,0.283427775,0.454325348,0.312732875
Dancing,0.560003459,0.37725684,0.381284982,0.379484475,0.621577919,0.302231967,0.312372804,0.306367636,0.575545073,0.246504158,0.343384922,0.227156192
Dancing,0.468835145,0.426551163,0.33373943,0.433718741,0.526512861,0.380489826,0.2701087,0.446523756,0.581048727,0.32692793,0.354826897,0.405299962
Dancing,0.451673508,0.438899755,0.307209879,0.443755001,0.506118119,0.392779529,0.19562003,0.486938328,0.577419758,0.332344025,0.245696336,0.431963116
Dancing,0.478307009,0.431212127,0.376853228,0.448399603,0.534177065,0.371618956,0.375332385,0.49210009,0.612348199,0.317877382,0.383182615,0.496993601
Dancing,0.545774043,0.424365431,0.415375829,0.439074367,0.596066058,0.360913575,0.388075471,0.508978486,0.603742778,0.312794566,0.373670667,0.577205777
Dancing,0.556473017,0.43598479,0.413680553,0.430883169,0.585649729,0.494880825,0.362549722,0.40484032,0.578807056,0.568462551,0.23508811,0.352475971
Dancing,0.537932813,0.434178442,0.40405798,0.427171409,0.549934328,0.498047978,0.324967653,0.384501189,0.576712072,0.563178897,0.216016322,0.32869947
Dancing,0.51793319,0.426790148,0.495019197,0.435527235,0.396184921,0.434078991,0.491097093,0.4947761,0.30878672,0.354358017,0.45149374,0.538448751
Dancing,0.53826952,0.423454136,0.408583581,0.418955028,0.675067902,0.44459933,0.267934889,0.424877077,0.59351927,0.484006971,0.395836651,0.454113573
Dancing,0.538096547,0.408634007,0.483933479,0.400837332,0.63270402,0.365350068,0.607113719,0.348326057,0.674131811,0.314055026,0.681397974,0.291421741
Dancing,0.493561059,0.412963539,0.36656338,0.411034197,0.593694925,0.369040906,0.531999469,0.409678936,0.638698041,0.30399996,0.531767368,0.361392677
Dancing,0.456754893,0.426585525,0.315536678,0.442193985,0.540653646,0.370997846,0.182795063,0.464433014,0.628654838,0.319052994,0.228515089,0.405810267
point_dance_1,0.466908425,0.424483597,0.325247556,0.440856308,0.54747957,0.369332671,0.500399709,0.383427113,0.6260432,0.318348765,0.544050336,0.312905967
point_dance_1,0.476015508,0.418670565,0.392732412,0.425882399,0.549122691,0.366039217,0.540445387,0.359072626,0.621675193,0.314686894,0.621639669,0.301126808
point_dance_1,0.481664687,0.414137304,0.421502858,0.416131198,0.556254268,0.36105147,0.559916496,0.355598211,0.639713883,0.312714159,0.649259388,0.304226518
point_dance_1,0.48398909,0.413004816,0.446192175,0.413244337,0.457653552,0.469089448,0.575991213,0.359445602,0.518331349,0.501535773,0.657407343,0.305302203
point_dance_1,0.486368865,0.412861824,0.453605771,0.412973076,0.492509574,0.433074772,0.577204108,0.360501558,0.547067821,0.425900042,0.660847425,0.30651167
point_dance_1,0.486967355,0.413439095,0.447594523,0.414001614,0.542838335,0.403986514,0.58020997,0.360866845,0.546438634,0.406757414,0.66364181,0.306491226
point_dance_1,0.479407191,0.415532261,0.456258476,0.414032787,0.554585397,0.39307636,0.586407542,0.363350928,0.553284109,0.394747078,0.666911244,0.308826029
point_dance_1,0.481473416,0.416355699,0.45243451,0.413898319,0.558870852,0.391488016,0.583223701,0.364771307,0.610126197,0.348036706,0.66831702,0.310673863
point_dance_1,0.482359439,0.416748345,0.452314168,0.413883358,0.575483561,0.381535441,0.587626338,0.363900572,0.648883581,0.32442981,0.673384964,0.309214175
point_dance_1,0.488327831,0.417024612,0.451864213,0.414434761,0.579197764,0.377631962,0.578205168,0.36520046,0.654724061,0.321391702,0.67188257,0.309562981
point_dance_1,0.498827308,0.417233706,0.439427614,0.414662927,0.584693074,0.376123965,0.570747018,0.365855277,0.661252975,0.320089161,0.672685683,0.309371352
point_dance_1,0.505068064,0.417753786,0.420863509,0.415298998,0.588604569,0.372324049,0.565918028,0.366278946,0.670855939,0.31559661,0.672097683,0.308730483
point_dance_1,0.504253745,0.41943112,0.417863548,0.415111452,0.585910678,0.373836845,0.56328094,0.367179453,0.665984154,0.319724411,0.668835938,0.308742464
point_dance_1,0.505165458,0.419501454,0.399373412,0.41597718,0.585226297,0.374399573,0.552003741,0.370720863,0.66462636,0.320244759,0.662987709,0.312073112
point_dance_1,0.505759358,0.420111716,0.388337761,0.419164419,0.59056294,0.368381321,0.546498835,0.370815068,0.670768797,0.315163255,0.660686255,0.312265098
point_dance_1,0.50587368,0.422416985,0.382945091,0.420210361,0.588409126,0.366854131,0.531601012,0.370811164,0.671668589,0.317149997,0.661683321,0.315275252
point_dance_1,0.501560569,0.424179018,0.375932425,0.423473835,0.587772667,0.366756886,0.503320575,0.371998399,0.672441065,0.315285593,0.641377866,0.329245925
Dancing,0.488112688,0.423875093,0.320079207,0.428962618,0.582991183,0.367686212,0.300859511,0.441069454,0.668280125,0.313281298,0.41945821,0.400208324
Dancing,0.564456582,0.423216492,0.394830704,0.415658563,0.582894683,0.485191584,0.356381387,0.340543807,0.564109087,0.567225456,0.309891194,0.261177123
Dancing,0.576244175,0.420766443,0.405616283,0.42620343,0.658989191,0.455336809,0.381293327,0.502647281,0.586509287,0.458369493,0.35527876,0.573236048
Dancing,0.625884473,0.418809414,0.468703091,0.421927065,0.662104189,0.42815429,0.372648209,0.402100652,0.566554427,0.416519016,0.281086564,0.346449763
Dancing,0.617015898,0.393879026,0.45293659,0.385299385,0.735803127,0.4254013,0.299176842,0.405441761,0.862693131,0.432007551,0.146905899,0.406975269
Dancing,0.578774214,0.459474951,0.441538692,0.460143507,0.621524572,0.507208884,0.351289809,0.509331286,0.688300371,0.536258459,0.236706287,0.51104176
Dancing,0.557910442,0.459638268,0.422813118,0.469782889,0.631405711,0.427447021,0.353611529,0.48531884,0.715366364,0.388829827,0.44336009,0.457529843
Dancing,0.559266508,0.463087797,0.412599355,0.469366163,0.678767443,0.464103878,0.364949375,0.535273135,0.626074374,0.430964887,0.339595199,0.600143552
Dancing,0.555088282,0.462386549,0.412436038,0.464211315,0.668075323,0.470362246,0.389269948,0.532956064,0.633262277,0.43565464,0.363987774,0.601724386
Dancing,0.551250994,0.462303579,0.40978682,0.451875925,0.574789405,0.511431634,0.330777526,0.407190561,0.562803864,0.577586174,0.403340518,0.41622147
Dancing,0.609855831,0.464094818,0.472271234,0.453557104,0.584291637,0.497520834,0.363881946,0.424064815,0.490564436,0.46823439,0.302900344,0.390102804
Dancing,0.642073214,0.465480804,0.491964847,0.45434171,0.680672109,0.504698873,0.388306141,0.420837015,0.565900624,0.477262974,0.294960648,0.377799571
Dancing,0.629113555,0.465832859,0.484919578,0.454573572,0.708768487,0.513550818,0.38331902,0.429134548,0.618037343,0.480105251,0.273427606,0.395388365
Dancing,0.55969274,0.467129648,0.43072021,0.460104614,0.554780424,0.539474964,0.451772094,0.531754375,0.592459679,0.495753467,0.518465579,0.477083981
Dancing,0.565542221,0.460558236,0.403749853,0.45520997,0.586383224,0.531124294,0.339386851,0.504525363,0.600533009,0.496690124,0.403852463,0.493720293
Dancing,0.472878039,0.454822361,0.339923918,0.455344915,0.548756719,0.413446039,0.407340586,0.473255008,0.603873074,0.360548973,0.488976926,0.42589125
point_dance_1,0.492656708,0.445699215,0.338449001,0.455009133,0.587349772,0.394844919,0.273907661,0.466152519,0.695294261,0.342340887,0.399346709,0.421393543
point_dance_1,0.497185349,0.437559068,0.346146941,0.448174626,0.600173414,0.381828249,0.305437475,0.449928045,0.706418991,0.330494791,0.419485569,0.402579218
point_dance_1,0.506749213,0.429852098,0.356515676,0.440936327,0.605488658,0.375164926,0.393033773,0.421637952,0.701016128,0.32265994,0.48737675,0.366360277
point_dance_1,0.507021904,0.430541277,0.367603391,0.43515268,0.602009654,0.372389078,0.47529912,0.395319909,0.69530201,0.310851783,0.546319187,0.328580648
point_dance_1,0.512179375,0.426192343,0.371837348,0.431659877,0.602247,0.367634475,0.518775284,0.375162333,0.685188532,0.30093497,0.57476759,0.298704207
point_dance_1,0.51160264,0.427517027,0.384113014,0.42935285,0.600537777,0.36721912,0.535777211,0.362352282,0.680355012,0.298687994,0.623559415,0.278764337
point_dance_1,0.507414818,0.428234965,0.399356961,0.425982893,0.591157377,0.363360822,0.536751151,0.359589517,0.667673469,0.294463038,0.63113898,0.280887932
point_dance_1,0.501154184,0.429745764,0.410333902,0.425085247,0.572947502,0.361274779,0.540929854,0.357908189,0.646240473,0.293683052,0.63126725,0.277026981
point_dance_1,0.48104775,0.432075202,0.423501253,0.422794759,0.550408483,0.373756707,0.546328545,0.357910514,0.624780595,0.336415797,0.624167681,0.277507931
point_dance_1,0.490368903,0.432915986,0.422186077,0.425450176,0.560511827,0.367093861,0.537207782,0.360999256,0.627227664,0.296098918,0.617822289,0.279885262
point_dance_1,0.493773401,0.433111966,0.424346119,0.426941782,0.560742199,0.367010504,0.538146853,0.362963676,0.623074293,0.292552561,0.613689065,0.279296815
point_dance_1,0.492872149,0.436019093,0.422874987,0.428386867,0.558072388,0.372278005,0.530365884,0.3672916,0.61609441,0.298048317,0.601773858,0.286939412
point_dance_1,0.483467728,0.438471794,0.414896816,0.433108479,0.553166211,0.375120789,0.526967347,0.371431738,0.612336755,0.305411756,0.602373302,0.292104959
point_dance_1,0.481850773,0.443660647,0.398183912,0.440273434,0.54986459,0.376811206,0.522104621,0.376348227,0.601826549,0.305926979,0.595514536,0.298939645
point_dance_1,0.47651428,0.446886301,0.384081572,0.447262287,0.546563148,0.388275445,0.505918205,0.38934049,0.5884673,0.334052145,0.591349423,0.319309115
point_dance_1,0.476692289,0.448572457,0.382100344,0.448681831,0.545760274,0.391721487,0.507552803,0.393485248,0.593727052,0.332604349,0.589459836,0.322218597
point_dance_1,0.441327542,0.450735658,0.384846538,0.447736353,0.525378287,0.410672903,0.524572551,0.396330267,0.575545669,0.362094939,0.5973261,0.325967133
Dancing,0.544459343,0.467786491,0.39507255,0.469873279,0.532355845,0.527514696,0.398094565,0.540714622,0.496863008,0.58020407,0.350408375,0.603899002
Dancing,0.568421364,0.468916893,0.40088591,0.461272895,0.570496142,0.543559611,0.388752311,0.435148478,0.510448694,0.607125938,0.34702912,0.396648526
Dancing,0.584540069,0.458974183,0.425385118,0.465332091,0.586363614,0.390837878,0.412608087,0.534464359,0.537170649,0.314923137,0.38080433,0.607664943
Dancing,0.585929334,0.457007498,0.422992498,0.461819798,0.711504877,0.447108358,0.392390668,0.530825794,0.627569854,0.435101122,0.39619866,0.601867795
Dancing,0.602297544,0.455549806,0.44791162,0.447884321,0.659924805,0.502328396,0.32957536,0.427752405,0.576174557,0.46107778,0.217412084,0.393692553
Dancing,0.537990212,0.455565989,0.373143643,0.445739031,0.563727736,0.505266309,0.31485647,0.43220076,0.553375781,0.548308194,0.231327116,0.448196977
Dancing,0.560678661,0.464321703,0.372329533,0.467284828,0.552402139,0.552318394,0.35657528,0.550337613,0.557076633,0.624209464,0.329671115,0.62517345
Dancing,0.483410001,0.456105381,0.315388799,0.468668878,0.554788351,0.392378151,0.141253918,0.485089451,0.652098835,0.343417674,0.242859036,0.470812559
Dancing,0.505166411,0.452681065,0.403336585,0.448394626,0.578617752,0.398716092,0.538518965,0.399871051,0.662611067,0.344264328,0.651246488,0.337049544
Dancing,0.503990412,0.451459497,0.396820873,0.446504414,0.591534853,0.397814453,0.457824111,0.456796497,0.667683303,0.335046262,0.567362905,0.414788187
Dancing,0.555616379,0.446329981,0.429823548,0.457967699,0.543038666,0.443214267,0.425279349,0.513984382,0.405038863,0.41839081,0.445406288,0.577967644
Dancing,0.551958799,0.447899431,0.415848613,0.459618658,0.576884568,0.387328535,0.427918077,0.52189827,0.620134592,0.320967436,0.462689072,0.578933597
Dancing,0.55291611,0.455994993,0.408190042,0.459335506,0.576368988,0.529348254,0.419786632,0.401969999,0.611770749,0.596214473,0.493462294,0.407600969
Dancing,0.602205634,0.4529728,0.472633153,0.451967001,0.625254273,0.527106822,0.414557993,0.382632017,0.54857564,0.465131819,0.338612527,0.333460629
Dancing,0.574864507,0.453098685,0.438492656,0.452965796,0.643664062,0.524933815,0.288575053,0.43392539,0.538289189,0.470231116,0.333444089,0.431375176
Dancing,0.524062455,0.485790819,0.427179933,0.488830805,0.530364156,0.556831956,0.436203688,0.545511723,0.506850839,0.502405524,0.499928713,0.50078851
Dancing,0.46002388,0.47609368,0.373275727,0.478027165,0.510824144,0.418293297,0.477616131,0.419476449,0.519680262,0.361732423,0.56470269,0.360448748
point_dance_1,0.491374552,0.454593331,0.428040624,0.458332002,0.55534333,0.391725779,0.50415349,0.389009506,0.637426138,0.33585459,0.61087966,0.340486586
point_dance_1,0.50326097,0.440424114,0.450574607,0.440910906,0.574984431,0.384123862,0.540393591,0.376212209,0.651334643,0.329517126,0.623912513,0.319367379
point_dance_1,0.505623698,0.433858871,0.467973322,0.433117479,0.582917094,0.37725696,0.565178812,0.372599781,0.645185411,0.328665674,0.632370889,0.318432301
point_dance_1,0.510786414,0.438179791,0.474142045,0.433497965,0.582960248,0.380923599,0.57246244,0.374918938,0.638734341,0.330281913,0.641479373,0.318548381
point_dance_1,0.513862133,0.439472109,0.484356433,0.432863712,0.582886279,0.380492359,0.577683449,0.374543011,0.637417257,0.327096373,0.642293334,0.31903255
point_dance_1,0.517302096,0.440521061,0.489432365,0.43316865,0.585827947,0.383246332,0.583522081,0.37477845,0.643666208,0.331668556,0.653250992,0.319288313
point_dance_1,0.517965972,0.444643408,0.484570652,0.435406119,0.590444803,0.386259794,0.579261243,0.378055185,0.648796201,0.340276986,0.651556551,0.326098979
point_dance_1,0.52582562,0.44742018,0.483478755,0.436515868,0.593505383,0.383767813,0.578629434,0.379802257,0.652443528,0.337139428,0.652155221,0.326087981
point_dance_1,0.533568144,0.449970663,0.482714117,0.436609268,0.59655112,0.384488791,0.579039574,0.380639821,0.653352022,0.340838492,0.657392919,0.328230947
point_dance_1,0.536068857,0.453380585,0.480868787,0.436817467,0.604255795,0.442932993,0.575518131,0.383036315,0.64930892,0.417241395,0.66049248,0.329548568
point_dance_1,0.537606955,0.45815143,0.478752643,0.438472658,0.578864694,0.505148411,0.575088561,0.384190202,0.627770126,0.50682056,0.662155688,0.332579076
point_dance_1,0.536744893,0.454025656,0.477372289,0.437273324,0.567465484,0.500501513,0.578179598,0.385339409,0.627872944,0.435620874,0.667458117,0.333942324
point_dance_1,0.536330879,0.452166855,0.47444582,0.437238634,0.540667057,0.511416733,0.577574432,0.386832923,0.581156433,0.534285188,0.669043481,0.335090846
point_dance_1,0.532299042,0.449846208,0.473961145,0.433733404,0.532510698,0.513192952,0.577989936,0.386245459,0.54858464,0.55246681,0.666635096,0.335475922
point_dance_1,0.528122485,0.451664984,0.471049994,0.430336148,0.540420771,0.423417181,0.575494409,0.381026596,0.592073739,0.386239767,0.664187431,0.33556959
point_dance_1,0.518744707,0.452262878,0.471058577,0.430828005,0.55082649,0.412035167,0.563323259,0.381909519,0.595773518,0.374287874,0.652059317,0.340851009
point_dance_1,0.51378864,0.454046667,0.470974743,0.431358397,0.558233678,0.397345006,0.556932986,0.382060945,0.606626093,0.367203236,0.6466434,0.3411403
Dancing,0.515336335,0.452231318,0.438586086,0.43849054,0.562155664,0.394164413,0.553423107,0.393403679,0.648264468,0.35447365,0.639608741,0.343724549
Dancing,0.546332598,0.465094239,0.412199289,0.45732975,0.565934181,0.534023046,0.293690652,0.468464851,0.641140401,0.59658587,0.387734771,0.454485327
Dancing,0.57286489,0.444833577,0.430009156,0.457005113,0.564277709,0.382087439,0.38428852,0.515436769,0.556377769,0.313224018,0.357627451,0.580167532
Dancing,0.562141061,0.450727284,0.437680215,0.460475922,0.501914144,0.42364803,0.384870857,0.427754462,0.485181987,0.4060449,0.315199435,0.365160704
Dancing,0.598762989,0.450752914,0.452189326,0.4518767,0.664336681,0.46372214,0.389179647,0.390394539,0.520195007,0.448661476,0.290003449,0.338664711
Dancing,0.642598987,0.448795319,0.509909749,0.447564125,0.644919276,0.474877179,0.425332636,0.391927332,0.544466436,0.436432689,0.374638826,0.330949008
