Miss,0.565440178,0.41568923,0.455949694,0.428694308,0.557248235,0.341071606,0.433341473,0.499308914,0.569167018,0.263684273,0.417418957,0.562269866,0.51259762,0.58711791,0.427939653,0.584972143,0.497903734,0.725339711,0.438557744,0.722833514,0.49907431,0.842184067,0.464054525,0.808819771
Hit,0.563719392,0.410764873,0.472641081,0.410518348,0.649537385,0.365501016,0.584767938,0.391307026,0.686230659,0.301184624,0.68385005,0.325475156,0.538300693,0.578817964,0.461762697,0.573892176,0.552265108,0.699476123,0.398144454,0.695752561,0.556880236,0.812345147,0.284660608,0.797246337
Hit,0.555686772,0.411070347,0.472495556,0.405408919,0.649896085,0.367243767,0.60144037,0.373911113,0.716215193,0.307078183,0.705143213,0.30288595,0.543272257,0.578244567,0.465951025,0.572693348,0.560479283,0.69564265,0.38498795,0.688413024,0.562294245,0.808103859,0.266266257,0.79369396
Hit,0.544484198,0.411074102,0.472534716,0.401162148,0.63375175,0.369252086,0.597873211,0.365176827,0.708929598,0.310311854,0.708950639,0.297509283,0.54372859,0.576549172,0.467375576,0.572056174,0.557305694,0.694733977,0.380281955,0.689473629,0.563730955,0.809932053,0.262104958,0.793617189
Hit,0.531674862,0.411487818,0.471529424,0.403516203,0.622347057,0.37018913,0.59284538,0.362736881,0.697082162,0.312529922,0.706692696,0.297148079,0.541742086,0.576851606,0.465487957,0.572520018,0.553340554,0.694786549,0.380289912,0.688931108,0.561053991,0.807786286,0.262505084,0.793301463
Hit,0.531007051,0.414501995,0.470861942,0.405536801,0.618119001,0.368563861,0.584858298,0.362092197,0.697645783,0.309416413,0.695175827,0.29390648,0.5437994,0.57876575,0.463581681,0.575571656,0.549448788,0.695970595,0.376734912,0.690547526,0.560984969,0.809219718,0.261529058,0.792265236
Hit,0.523480833,0.418204635,0.46965909,0.406356275,0.614917219,0.371485829,0.582580149,0.36193499,0.69547081,0.312623292,0.690098643,0.296889603,0.542006433,0.57838887,0.467595249,0.574762225,0.549292564,0.694602072,0.381898761,0.689561248,0.562797666,0.809022129,0.259772599,0.789502859
Hit,0.518763423,0.42048794,0.463692486,0.406899303,0.612539053,0.374894559,0.576115489,0.362358689,0.687774897,0.316474199,0.68216902,0.299109638,0.540936828,0.578344643,0.469348073,0.574534118,0.548402727,0.695554376,0.384950966,0.690108359,0.565859616,0.810807228,0.261908054,0.790442467
Hit,0.516600192,0.42207703,0.451992571,0.407949686,0.605172515,0.375588953,0.568296909,0.367128462,0.683932781,0.317296177,0.674157858,0.301879853,0.542848647,0.578891993,0.467682391,0.575826764,0.548709273,0.694979906,0.382204592,0.691543996,0.565388978,0.809570909,0.260129303,0.795359612
Hit,0.513036668,0.423760951,0.442973822,0.408272445,0.596188068,0.377455056,0.567721367,0.362822294,0.680467188,0.323711872,0.67163825,0.304623872,0.54383409,0.578831375,0.466554731,0.575860977,0.549614787,0.695568323,0.380754769,0.691881716,0.56475842,0.809704423,0.264330626,0.797674656
Hit,0.512938261,0.427709907,0.430361062,0.410270631,0.583228588,0.385175616,0.565020502,0.365687788,0.672409117,0.324683815,0.669055879,0.305856168,0.54347229,0.578902245,0.460973114,0.576221943,0.549294531,0.696136177,0.376329452,0.69449836,0.565289021,0.810545623,0.270447731,0.804650664
Hit,0.509744883,0.428872913,0.418983191,0.412043631,0.581175506,0.381763399,0.55068022,0.367938846,0.669777215,0.321545929,0.662792683,0.307273746,0.543087244,0.579614282,0.453028321,0.580334246,0.550714731,0.696587503,0.367053807,0.702584624,0.568816185,0.811925232,0.275788754,0.811405659
Hit,0.5095644,0.429799795,0.401957959,0.414121717,0.575749934,0.3799842,0.526339352,0.371035993,0.663970232,0.3196823,0.653657556,0.31117934,0.540964067,0.58031857,0.438130319,0.583987355,0.551548123,0.702458262,0.349538952,0.714113474,0.569096565,0.817184091,0.287674904,0.819928288
Hit,0.497700065,0.428957373,0.389444262,0.413950503,0.560198903,0.375254482,0.515818775,0.370018423,0.652493238,0.318696916,0.644768178,0.309779495,0.529743671,0.58048439,0.425393343,0.585511029,0.553655386,0.707089067,0.344601214,0.719406068,0.569114447,0.819140136,0.296907216,0.824843526
Hit,0.487680405,0.428520381,0.381220758,0.41272077,0.551733851,0.375080168,0.508746266,0.367829293,0.641807914,0.317563385,0.635170341,0.306928068,0.512320876,0.580432415,0.411816567,0.585004985,0.561066508,0.705862224,0.342653871,0.721104026,0.569443107,0.81917572,0.300935298,0.825635791
Hit,0.480609506,0.428390682,0.375628024,0.412720501,0.541963637,0.37421453,0.503067672,0.363674015,0.61397326,0.318029165,0.621795774,0.304446876,0.489915729,0.586517453,0.391604483,0.588979363,0.579296052,0.705081344,0.335818917,0.72904712,0.569440782,0.819602132,0.302549511,0.829314828
Hit,0.472276509,0.427131265,0.365752697,0.413176358,0.537326276,0.37107259,0.478335232,0.365293562,0.595539451,0.318838656,0.573260844,0.308135897,0.465956211,0.587921381,0.375218153,0.588300109,0.587639332,0.70292151,0.33030951,0.724837899,0.5675475,0.820701122,0.302292854,0.830378532
Hit,0.471145838,0.428057671,0.353058785,0.423354059,0.530280411,0.368765891,0.452808589,0.387073666,0.583223581,0.318793625,0.53068465,0.336277902,0.457199782,0.590417087,0.361943275,0.587866783,0.591649771,0.702359557,0.329685479,0.723028958,0.561815023,0.821817696,0.301551044,0.830775082
Hit,0.47375676,0.429134429,0.347102374,0.42813158,0.520004749,0.368936867,0.432253093,0.400922447,0.565880835,0.319267064,0.507844329,0.349852055,0.45216772,0.593595803,0.356538177,0.588385284,0.588907361,0.703153372,0.327033073,0.725985765,0.561744153,0.822247148,0.301896244,0.83154726
Hit,0.474127948,0.42647028,0.338247985,0.428705633,0.507156551,0.371548474,0.414449692,0.411708921,0.555345595,0.323174924,0.495994568,0.35535574,0.45500204,0.596455455,0.353466928,0.590441108,0.58757031,0.705974996,0.322820514,0.72907114,0.56133455,0.824293971,0.302526504,0.831962228
Miss,0.520273864,0.4015387,0.420925021,0.415431172,0.433790118,0.376083523,0.433653086,0.478692949,0.308447123,0.333284527,0.433484942,0.529651582,0.497796535,0.572592556,0.403495371,0.569517374,0.540987015,0.703924894,0.326597899,0.690272689,0.552730381,0.809515953,0.312302649,0.811114788
Miss,0.525532424,0.447436333,0.413250655,0.443388879,0.503827929,0.504890859,0.318486631,0.427171171,0.464053214,0.576012313,0.422945857,0.435731888,0.523115516,0.594760299,0.421524078,0.602471292,0.525517881,0.726072669,0.401920527,0.723863482,0.517826974,0.8068434,0.404666632,0.812671483
Miss,0.522716284,0.44131428,0.429391354,0.439890474,0.402632356,0.423272043,0.375493705,0.421892881,0.324816167,0.351987898,0.343811661,0.415090233,0.495390207,0.587387204,0.4153606,0.588980198,0.534475684,0.704923332,0.397259057,0.693947971,0.591118932,0.789649904,0.391179234,0.785058618
Miss,0.586111009,0.438176215,0.448804021,0.435839504,0.56076026,0.480618805,0.363610238,0.406548977,0.390373766,0.43962127,0.277903616,0.345173657,0.522540092,0.587322593,0.427252501,0.579755247,0.538792133,0.705919385,0.360647529,0.687976003,0.587870479,0.795542479,0.295769006,0.787993789
Miss,0.581141889,0.442347348,0.450649142,0.433909804,0.651034832,0.495049417,0.357316285,0.39931637,0.554073989,0.460535228,0.26104331,0.340160787,0.529097199,0.592914641,0.429252505,0.582045436,0.552458227,0.716356456,0.301982045,0.672934532,0.587989271,0.798610449,0.299162984,0.783133566
Miss,0.573210418,0.427358955,0.45020321,0.433796257,0.641382694,0.480030358,0.403579831,0.449378967,0.524704039,0.504540682,0.416455716,0.383477688,0.520290673,0.583691716,0.422225952,0.576343656,0.549212158,0.71504271,0.348665386,0.685810864,0.595862091,0.799940884,0.329845846,0.789833903
Miss,0.471866727,0.406559318,0.387311429,0.411072642,0.483580947,0.474924654,0.371086955,0.399521172,0.473055303,0.540727496,0.348310202,0.341435879,0.455841541,0.57084775,0.373419017,0.56830138,0.534993231,0.676816881,0.34954825,0.690669477,0.503422737,0.786586881,0.342721581,0.793924212
Miss,0.514450848,0.408114135,0.386262774,0.411218971,0.625225604,0.448045194,0.274328262,0.393168271,0.578279555,0.485498339,0.35394305,0.400433064,0.490251034,0.559225619,0.398516178,0.560436666,0.504727125,0.664770067,0.391858041,0.684765577,0.49505806,0.735252678,0.403692573,0.790973127
Miss,0.52668488,0.410467297,0.490795404,0.412705719,0.624843061,0.386093944,0.609361649,0.375733137,0.687957585,0.33784622,0.689117491,0.321946442,0.518306494,0.56526804,0.458258748,0.564839959,0.520155609,0.6763466,0.38487342,0.684492052,0.542091429,0.738781393,0.305741876,0.78308934
Miss,0.536754549,0.429056466,0.457991272,0.418632567,0.601611257,0.380333692,0.56107825,0.37666294,0.660676122,0.339221418,0.659618139,0.326464683,0.515253305,0.586603701,0.451388836,0.579133153,0.603621244,0.680416822,0.383061588,0.700347245,0.575520694,0.779058874,0.311920911,0.803492725
Miss,0.519990087,0.430357605,0.388518453,0.424072355,0.586665213,0.384906709,0.5045982,0.421176016,0.653090239,0.31980738,0.568436742,0.383734882,0.515176773,0.586435914,0.439121723,0.589750171,0.597179949,0.694581747,0.364038587,0.716150403,0.588366151,0.804944515,0.31720531,0.816978633
Miss,0.496639878,0.432742447,0.331186235,0.435858011,0.585989356,0.386142015,0.199003562,0.449552059,0.666301787,0.332144588,0.312340796,0.443341315,0.505025208,0.597568989,0.398981273,0.606261611,0.608449996,0.705311894,0.326843977,0.735857368,0.628374875,0.812512577,0.329435378,0.826082826
Miss,0.582555771,0.432696193,0.417041749,0.441881031,0.666041136,0.482429653,0.283980399,0.510030448,0.763590693,0.525523067,0.34573856,0.575317025,0.576117337,0.596574366,0.471988291,0.605003417,0.620209098,0.711697936,0.419041008,0.728546977,0.620672882,0.813456535,0.389285624,0.821483731
Miss,0.632593989,0.433297306,0.480652243,0.439963877,0.695674241,0.388103157,0.427357495,0.513312221,0.676217377,0.329139173,0.391788453,0.579535842,0.597970784,0.598760962,0.497678876,0.599753022,0.617809653,0.728574038,0.407452941,0.718748271,0.61056304,0.828217864,0.430424958,0.822379291
Miss,0.617369056,0.437527657,0.470050931,0.441963136,0.670493007,0.492798984,0.375617683,0.489113092,0.71780777,0.54125762,0.386014968,0.507024944,0.575580955,0.597735167,0.480809182,0.590588927,0.574724376,0.722658813,0.464117944,0.702774763,0.54674232,0.823325455,0.461896092,0.806172967
Miss,0.438401908,0.397714078,0.359812617,0.398674756,0.445377469,0.471164376,0.369929284,0.400036037,0.451485872,0.527828038,0.352049559,0.32527411,0.46329847,0.558548987,0.382072866,0.559686482,0.538363814,0.669885278,0.393700153,0.688689828,0.494041175,0.782182932,0.398999691,0.80502212
Miss,0.468321919,0.403272927,0.369844973,0.407227844,0.505627036,0.467462718,0.316836208,0.466752827,0.517934501,0.41700682,0.347683072,0.385518581,0.489486009,0.568472505,0.39679718,0.56737417,0.519158006,0.705611944,0.427530676,0.711249471,0.499189556,0.793219507,0.492542267,0.826185524
Miss,0.469698578,0.351792157,0.379988521,0.3544164,0.569716334,0.3735075,0.371558726,0.426784992,0.734395921,0.356472671,0.366939873,0.445871681,0.457958817,0.520950675,0.409437507,0.529086292,0.441245824,0.675634563,0.433194697,0.671410918,0.500539124,0.796545982,0.497459888,0.808208287
Miss,0.54713738,0.387077808,0.426552355,0.380962014,0.554110169,0.462144911,0.334104538,0.443348229,0.657694876,0.473145485,0.433131069,0.483736098,0.535312176,0.546503365,0.450106293,0.545179546,0.577791929,0.687714577,0.439580947,0.684588075,0.572125554,0.790995657,0.419279575,0.789193153
Hit,0.528768122,0.383755237,0.494216502,0.376654863,0.623214543,0.334798127,0.616465271,0.324357033,0.711303055,0.283960462,0.712692797,0.270712286,0.5196594,0.548759639,0.463319242,0.546734691,0.547721684,0.685636759,0.422283858,0.683884144,0.571778595,0.790396988,0.281383842,0.789464474
Hit,0.530835986,0.379518926,0.500924468,0.374867558,0.606406689,0.336205512,0.63034302,0.318877399,0.622579157,0.334614307,0.720703125,0.265463978,0.520987451,0.550897717,0.462233812,0.547615647,0.547494411,0.685173273,0.396375388,0.681651652,0.571192265,0.789257407,0.268149018,0.789364696
Hit,0.531698108,0.379997462,0.506890237,0.375113726,0.616752088,0.328563958,0.620969653,0.321788847,0.662238717,0.285010397,0.709694088,0.265823215,0.520397425,0.552205026,0.461195171,0.548571765,0.548592746,0.683631301,0.38374117,0.680275559,0.571527541,0.787853122,0.261585593,0.789450049
Hit,0.53183943,0.380899251,0.502432406,0.375183463,0.525265098,0.443971813,0.617311239,0.322678089,0.507467747,0.46983856,0.701624513,0.267224967,0.520745695,0.552174926,0.46050474,0.548551798,0.548796058,0.682312369,0.380826771,0.678847134,0.573090017,0.787249923,0.26281178,0.789222062
Hit,0.532366216,0.382950038,0.508660197,0.377307355,0.592263997,0.338732421,0.621029496,0.322850257,0.635063827,0.299187839,0.695148528,0.27129072,0.520442545,0.553582549,0.460319936,0.550382197,0.550246358,0.681863189,0.378050655,0.678338051,0.573440611,0.785826027,0.260162771,0.787730098
Hit,0.533012629,0.386656165,0.498497009,0.380669981,0.608055532,0.340973675,0.607823014,0.327030033,0.63696456,0.348041981,0.681122959,0.274218708,0.520811975,0.554254651,0.459939033,0.550979733,0.550915003,0.681409955,0.374398679,0.677577794,0.573435485,0.784411728,0.258954883,0.786108017
Hit,0.530370891,0.388884783,0.495961547,0.381983221,0.603784621,0.345521301,0.596509933,0.330943048,0.629323423,0.354385078,0.674072206,0.275239468,0.523266256,0.555031419,0.459752858,0.552136421,0.551363647,0.681438267,0.37213406,0.677669585,0.573439479,0.783636451,0.256676108,0.786361814
Hit,0.528241992,0.39167282,0.492063493,0.384194642,0.600480437,0.353631973,0.590451837,0.333787382,0.622338593,0.362434268,0.666735053,0.276087403,0.524008095,0.556482255,0.459472477,0.55490464,0.551871121,0.681343198,0.373978674,0.678218007,0.573703766,0.783201814,0.259471357,0.786446691
Hit,0.523538351,0.393357754,0.48165369,0.38650316,0.606190264,0.345588177,0.592860639,0.336310565,0.646625936,0.290881395,0.661230624,0.276641399,0.525045872,0.55715692,0.456611842,0.556820691,0.552267134,0.681343675,0.375839442,0.6803478,0.573788226,0.782467067,0.262613446,0.787325025
Hit,0.523445666,0.395235658,0.462817252,0.388869584,0.609556079,0.350089729,0.586399615,0.339755863,0.647363901,0.288038075,0.657163024,0.275984406,0.527323842,0.557724893,0.452391893,0.558138013,0.552861631,0.68135947,0.377898663,0.682219803,0.574967861,0.78257525,0.267938346,0.788167894
Hit,0.523706794,0.395934075,0.437790811,0.39202413,0.607916534,0.350028217,0.581144869,0.341112435,0.646667421,0.291653574,0.635079265,0.272013724,0.527600586,0.560230494,0.444542855,0.562407076,0.553886533,0.681720316,0.37744233,0.686395943,0.575634778,0.781583607,0.269143105,0.788670778
Hit,0.522388697,0.398575604,0.421563476,0.396688849,0.606336415,0.353418589,0.564168274,0.341319352,0.642068505,0.296135902,0.612688899,0.281411618,0.52740562,0.562253118,0.435129344,0.565370262,0.55457139,0.683448434,0.374538958,0.691140294,0.575945437,0.78199482,0.272179931,0.793196559
Hit,0.51883769,0.399592668,0.404686183,0.398324788,0.600039661,0.352497667,0.53639698,0.34178102,0.641976655,0.296257913,0.615541875,0.28550604,0.524600565,0.563877702,0.424786597,0.567202449,0.557283103,0.686245263,0.36728546,0.69544673,0.576561749,0.783586502,0.275937527,0.798291981
Hit,0.51503098,0.400377601,0.395513535,0.4006024,0.59719342,0.349120259,0.51970917,0.346304983,0.651400387,0.295005947,0.605433881,0.307209522,0.512557745,0.566454291,0.413413912,0.569250464,0.572682023,0.686542273,0.360719144,0.699331939,0.576226294,0.785801232,0.277091712,0.805067241
Hit,0.507091582,0.400579691,0.391784668,0.402870506,0.590971291,0.347675025,0.512629807,0.347591758,0.650804162,0.29955107,0.60747844,0.317839295,0.498413563,0.567786574,0.400202423,0.568706155,0.587390423,0.685013175,0.355370075,0.698589563,0.575864196,0.785427213,0.280003011,0.805536151
Hit,0.499971777,0.402086586,0.384120554,0.407091528,0.574435115,0.34809348,0.496394187,0.363444358,0.646119952,0.298449397,0.568450868,0.339904755,0.482589602,0.571090996,0.384529442,0.569211245,0.596196115,0.677362323,0.343988746,0.701365829,0.574714303,0.785315752,0.280507833,0.806903064
Hit,0.493889451,0.403928459,0.376455426,0.409683466,0.565395415,0.353135884,0.475696266,0.375617921,0.64294374,0.297449648,0.521797001,0.365359664,0.474126995,0.57283324,0.376908183,0.569648206,0.599644423,0.673491061,0.337786943,0.700458407,0.574905276,0.785421789,0.281312257,0.807286143
Hit,0.487192035,0.405059814,0.367662907,0.414280981,0.567621469,0.354947776,0.474383295,0.384119123,0.640754342,0.296984881,0.508534849,0.371318936,0.467991948,0.574788749,0.37117967,0.571243167,0.594975591,0.674202681,0.334347874,0.703770399,0.572108448,0.789736807,0.281852692,0.808416486
Hit,0.48064667,0.405934721,0.349776357,0.416453838,0.566332519,0.357042134,0.426608145,0.405402184,0.636898994,0.299383581,0.481330365,0.376862466,0.469933957,0.576068997,0.369521081,0.574183106,0.592112899,0.683681667,0.33266291,0.710519195,0.571160674,0.792128503,0.282270998,0.813958049
Miss,0.475459516,0.409028143,0.337696642,0.419152498,0.553431511,0.360409379,0.389363468,0.428456962,0.631661415,0.300711244,0.463569552,0.386253387,0.472755641,0.576303124,0.370024621,0.576454282,0.590711355,0.693574548,0.332876176,0.710485458,0.572239161,0.793162525,0.282955348,0.813604534
Miss,0.453594029,0.411389023,0.311666816,0.422923148,0.521256447,0.358383149,0.231224015,0.4181602,0.590764046,0.299889863,0.348913044,0.400767863,0.447926939,0.579558015,0.345555663,0.580869555,0.580548584,0.691827416,0.325837404,0.719514191,0.571445227,0.800594807,0.283099592,0.822162747
Miss,0.488543332,0.423721224,0.3668935,0.444929063,0.528841913,0.368905127,0.35682258,0.494339854,0.597910881,0.308701485,0.420680583,0.512671053,0.481329858,0.591263592,0.391748548,0.593244374,0.530817032,0.713941693,0.35104242,0.720519364,0.548301816,0.809019864,0.299577981,0.834706903
Miss,0.470126778,0.422648281,0.472368211,0.435760647,0.352603585,0.383144796,0.388098538,0.465379238,0.260932297,0.328182638,0.331068754,0.467360646,0.468548238,0.587702513,0.450147033,0.589423478,0.537398517,0.711768329,0.394099861,0.719910264,0.656466067,0.809039891,0.397443235,0.826625645
Miss,0.471058011,0.424035072,0.475744277,0.434891462,0.3660748,0.380109608,0.458277375,0.50605303,0.290642232,0.3264696,0.401173145,0.557118714,0.47831586,0.589668512,0.442626566,0.591593444,0.546441495,0.713578582,0.415300846,0.717286825,0.660529554,0.818761826,0.401107609,0.823740661
Miss,0.637138009,0.459420145,0.499983102,0.452965885,0.782825887,0.481025279,0.426311821,0.432121426,0.669688344,0.451526403,0.317838252,0.373592198,0.580488682,0.627361953,0.487050921,0.622064471,0.578157485,0.766180277,0.372407407,0.720095694,0.654157221,0.859780014,0.366664678,0.844048023
Miss,0.570654154,0.440963328,0.465023816,0.417798042,0.633773625,0.448928773,0.497732371,0.41251874,0.608161986,0.425264925,0.540706694,0.39287129,0.543264449,0.608996332,0.458391577,0.60267055,0.560841084,0.739322364,0.454868019,0.721785605,0.561188519,0.837685227,0.38046357,0.842317104
Miss,0.547304451,0.429819673,0.450314194,0.404057086,0.606252551,0.423209578,0.514076173,0.380683541,0.607207417,0.400502056,0.608043969,0.388719499,0.530025125,0.596260309,0.447321832,0.586492538,0.551644266,0.729389846,0.47466442,0.721451283,0.54494518,0.832181752,0.371149063,0.795194149
Miss,0.512570143,0.426470608,0.38261798,0.41328758,0.591238678,0.385389894,0.51538527,0.381406546,0.628632665,0.335652024,0.61220485,0.331950486,0.496545881,0.58900702,0.395651966,0.583922923,0.571223557,0.702399492,0.370147884,0.719378054,0.552746236,0.799893975,0.314043492,0.801066756
Miss,0.584475398,0.419101328,0.43783617,0.431853205,0.631725848,0.347654134,0.462426662,0.498844802,0.611056745,0.270047724,0.42320323,0.564996064,0.572548568,0.588763118,0.465466619,0.584254861,0.57027781,0.714031219,0.406329393,0.723620057,0.592329383,0.802504182,0.362049401,0.839605629
Miss,0.567695737,0.418935597,0.422382861,0.416854799,0.591194689,0.474761903,0.334011525,0.380481303,0.573611856,0.540444493,0.238450006,0.321015149,0.563041747,0.580281138,0.448322475,0.574147224,0.518514574,0.7048769,0.381192535,0.690048456,0.507486582,0.799099028,0.388451755,0.763264954
Miss,0.50361526,0.404990524,0.463204056,0.41614908,0.403473228,0.38408798,0.447798401,0.47497502,0.318752706,0.330422938,0.293249756,0.515560508,0.507198393,0.562079787,0.446570843,0.566858947,0.52893132,0.684371829,0.415592998,0.681923032,0.63023603,0.78381896,0.408508688,0.778680801
Miss,0.510610461,0.402058065,0.467004657,0.41508466,0.421811581,0.384483457,0.434864253,0.442379296,0.355421871,0.336963087,0.363850564,0.413207471,0.505491674,0.564144373,0.442863137,0.566617429,0.543912828,0.684694409,0.418696672,0.679668844,0.634303033,0.781246364,0.412644506,0.782508254
Miss,0.514155388,0.402205169,0.46348539,0.413601726,0.394017637,0.369772434,0.436071664,0.461463153,0.305812061,0.307908714,0.388249546,0.493071705,0.505996943,0.567066252,0.440600961,0.567962766,0.550189316,0.689489126,0.410582364,0.686457217,0.620298743,0.797224641,0.412039936,0.788796246
Miss,0.620994091,0.421787024,0.497561395,0.408898294,0.696062446,0.452543586,0.426310182,0.368210435,0.595770121,0.408783585,0.354566842,0.329528868,0.581448436,0.568551183,0.491842359,0.568425298,0.580698729,0.692640901,0.380691618,0.654199719,0.614203751,0.782325625,0.400063157,0.764101863
Miss,0.641328216,0.421862453,0.500967801,0.410101473,0.729046524,0.44957763,0.407372892,0.389269412,0.621637881,0.434615791,0.355047554,0.333967566,0.573221326,0.567796111,0.480397701,0.55842793,0.587395906,0.684787989,0.384335935,0.661746502,0.612799048,0.772847831,0.368984491,0.759197652
Miss,0.599663317,0.417717755,0.443080008,0.409555495,0.649117589,0.463804066,0.470051914,0.444074482,0.604285896,0.434034199,0.522237062,0.371019423,0.544859588,0.568868637,0.441830963,0.56009835,0.584750891,0.696196437,0.385093391,0.700737894,0.611826479,0.797200143,0.356948584,0.79553473
Miss,0.635929644,0.37441951,0.457222402,0.364915609,0.766200423,0.335956335,0.347767502,0.332051933,0.807688296,0.261770517,0.326144218,0.25537315,0.525295734,0.553747535,0.423395425,0.541189551,0.515964448,0.698202252,0.389516443,0.693065226,0.488609523,0.814578891,0.306231558,0.732579827
Miss,0.59232688,0.481985986,0.45683369,0.461346716,0.592441618,0.550441802,0.429241776,0.512817085,0.627843142,0.613451064,0.38341853,0.546565354,0.549124837,0.591328025,0.481282294,0.58962661,0.546340644,0.693222165,0.536607802,0.689476669,0.533300996,0.77329123,0.542502046,0.78225559
Miss,0.580274642,0.477637202,0.454534262,0.469020784,0.553119242,0.538429797,0.44842872,0.53141588,0.537925601,0.592896342,0.448024333,0.575671971,0.540979564,0.593189061,0.468256265,0.590579867,0.528714895,0.697385669,0.475317836,0.69559902,0.510403514,0.773454249,0.464142829,0.79470408
Hit,0.623485208,0.464448541,0.477540165,0.466515869,0.735280037,0.465297073,0.413186193,0.454388559,0.853524923,0.465860546,0.327990532,0.432428122,0.556496084,0.602047384,0.469051838,0.596888483,0.598466635,0.715295613,0.447234333,0.718638003,0.583255112,0.814058781,0.417614162,0.819268227
Hit,0.627916276,0.461099476,0.491654634,0.46215266,0.741881132,0.447490513,0.431512564,0.418064535,0.849963725,0.425112307,0.349093556,0.380772889,0.564023435,0.604353905,0.473756909,0.599429309,0.60661149,0.719340324,0.439885378,0.722787142,0.593123853,0.820168614,0.397209883,0.818546295
Hit,0.628994823,0.455614388,0.498719633,0.456230223,0.739215076,0.425445139,0.471241027,0.389209121,0.82884258,0.388673604,0.434622109,0.341295987,0.572372258,0.604153514,0.485011369,0.599491239,0.608846009,0.72186923,0.438605338,0.720143735,0.592569411,0.822193503,0.377136648,0.815419316
Hit,0.622480512,0.454219431,0.498001814,0.452887863,0.711400688,0.410716683,0.522716463,0.39309603,0.793522537,0.361452997,0.528058946,0.324562877,0.579313636,0.605539799,0.495109767,0.600888729,0.609558642,0.723897219,0.433706194,0.719808698,0.593884051,0.825708568,0.364013761,0.814569652
Hit,0.620558441,0.446098566,0.501819074,0.44613409,0.692728877,0.392995805,0.557247221,0.383404642,0.759047627,0.336448014,0.589283228,0.307143927,0.582210958,0.604414105,0.500712812,0.600254416,0.606295645,0.718613386,0.438288867,0.716363072,0.589729071,0.819826901,0.353811353,0.814009368
Hit,0.616893113,0.441464245,0.50646168,0.442907393,0.679880261,0.380760849,0.591711938,0.371432662,0.745602906,0.323798448,0.633957326,0.28959769,0.583446443,0.604325533,0.505248666,0.600373209,0.602809072,0.720807552,0.437235177,0.716356456,0.588117242,0.824676335,0.35382086,0.816647351
Hit,0.582143426,0.444228262,0.521863103,0.441468656,0.635056794,0.38308385,0.618082047,0.372693002,0.69488591,0.339018524,0.671678483,0.296786249,0.579762876,0.604606926,0.51090169,0.602278113,0.601434112,0.720526338,0.435410529,0.71805954,0.58840245,0.827130437,0.349148005,0.822816849
Hit,0.578134716,0.447971761,0.518189013,0.443768024,0.607929647,0.416702121,0.609675825,0.37637803,0.647035241,0.401357412,0.650657833,0.303242892,0.579534888,0.604664207,0.515968859,0.60188055,0.600113571,0.720128,0.440000713,0.717910051,0.586400151,0.827515304,0.353914559,0.824042022
Hit,0.565092504,0.44964847,0.525688231,0.441392243,0.566626549,0.496281236,0.605583191,0.374141872,0.611174524,0.492909759,0.643611789,0.298808157,0.579422891,0.605903566,0.528050125,0.603170574,0.59757638,0.721924484,0.444520116,0.720765829,0.584998488,0.830646038,0.354552448,0.828983426
Hit,0.557574332,0.448570639,0.524964988,0.441785902,0.591507077,0.388565004,0.59900111,0.372278512,0.637745261,0.32558915,0.630878389,0.297572672,0.578073442,0.607992351,0.531033635,0.606473267,0.579318345,0.723539472,0.460034013,0.722079158,0.583502889,0.831995785,0.360306203,0.831009567
Hit,0.544041753,0.448474109,0.528192818,0.441875845,0.59907037,0.380346268,0.60134232,0.368570536,0.634292126,0.318799317,0.624493718,0.295515835,0.570628524,0.609888017,0.534375072,0.608629823,0.567377865,0.72429955,0.476782113,0.725646734,0.582493246,0.833171964,0.360106289,0.83447963
Hit,0.539089143,0.44892019,0.527326643,0.442589939,0.602569044,0.380516946,0.594869971,0.370036721,0.630481184,0.316112101,0.616424918,0.291689336,0.564302206,0.611828923,0.537973166,0.613042295,0.561909676,0.726211071,0.487264365,0.731374621,0.581999779,0.832203746,0.361648291,0.836124301
Hit,0.536267042,0.449464142,0.52128166,0.442920268,0.604146302,0.385690808,0.587259293,0.375349611,0.622755587,0.320622176,0.606723845,0.299746811,0.564352632,0.613144517,0.535282969,0.614486575,0.564054668,0.725499272,0.491224289,0.733219266,0.581676126,0.830056369,0.367071629,0.837173641
Hit,0.536384225,0.451701969,0.514710903,0.446288645,0.598314404,0.387060165,0.584635615,0.377801389,0.619411528,0.323413938,0.600613892,0.301173449,0.563843369,0.615422964,0.53330493,0.616496921,0.565422416,0.725768507,0.496630907,0.73681742,0.581023514,0.830791295,0.369754314,0.840934157
Hit,0.530649185,0.455317676,0.503704548,0.450559467,0.592043996,0.392511666,0.575617075,0.378929138,0.618162453,0.33949393,0.600068092,0.309555173,0.563211679,0.617951751,0.532723188,0.618976951,0.570383072,0.725564897,0.496868312,0.739586353,0.58066237,0.831776917,0.370099396,0.844191372
Hit,0.519459248,0.455907047,0.496776104,0.45153451,0.539901197,0.495447487,0.561305344,0.398464888,0.568169832,0.517283499,0.593269765,0.353065491,0.556773305,0.6170488,0.527046502,0.61788106,0.571261168,0.725313306,0.494928837,0.738973022,0.581058025,0.832176864,0.371752679,0.844989002
Hit,0.52331388,0.456094682,0.480712354,0.453801692,0.549770117,0.440020889,0.558517933,0.4029603,0.591760397,0.38595885,0.582219303,0.345309556,0.551814973,0.616840601,0.515760481,0.616992354,0.580023706,0.72325933,0.490338862,0.738044858,0.582877874,0.831499219,0.371378124,0.844990373
Hit,0.514056861,0.456760734,0.47607252,0.453693092,0.559657097,0.430563271,0.572818398,0.408498287,0.600226581,0.368249804,0.619945526,0.335171431,0.543836415,0.616755724,0.508414209,0.61729151,0.591785967,0.723358095,0.482131481,0.73954922,0.589250803,0.833201289,0.364886433,0.847343922
Hit,0.519459724,0.457353681,0.442302734,0.459244072,0.57641536,0.428356022,0.570624053,0.42908591,0.639793336,0.362092435,0.625759661,0.363259017,0.541837215,0.616496205,0.474931419,0.617524564,0.622580349,0.723331213,0.454758078,0.73895365,0.592282534,0.83416748,0.361991495,0.846436858
Miss,0.540890098,0.45167017,0.426126003,0.460315317,0.63518393,0.401687443,0.501603484,0.480529845,0.718721926,0.352684677,0.5532704,0.42134729,0.531138897,0.611767709,0.440985203,0.609777212,0.613528132,0.715614974,0.412433654,0.724954247,0.595929384,0.823546052,0.366777718,0.836722553
Miss,0.540907383,0.459974438,0.42545864,0.471299946,0.634771287,0.403053522,0.486526966,0.492091,0.702088475,0.357718557,0.561442077,0.448244333,0.523488998,0.613484085,0.434392214,0.611477494,0.629773855,0.70278275,0.421881139,0.723188758,0.605390906,0.806592345,0.38603279,0.819817662
Miss,0.544189632,0.4617033,0.421973974,0.469036818,0.631176591,0.406881571,0.381814748,0.489363283,0.708818674,0.371504158,0.458176166,0.44642067,0.523395479,0.61189276,0.433836907,0.610491216,0.633237779,0.697726011,0.422680378,0.722257435,0.606661201,0.799590826,0.39856863,0.811308026
Miss,0.565654635,0.476143777,0.411447793,0.475601524,0.594964147,0.552750826,0.377100527,0.548009574,0.631256044,0.627475858,0.299119323,0.595563412,0.534459531,0.619615316,0.446691006,0.617089093,0.554525793,0.740700603,0.42650947,0.741933703,0.525289476,0.823818207,0.421654224,0.823668361
Miss,0.560615182,0.472000033,0.412168324,0.472362846,0.673360646,0.488293827,0.37314406,0.539824843,0.612502158,0.484380543,0.298664182,0.609316885,0.521965265,0.612231612,0.437783867,0.611150384,0.540658295,0.723275363,0.435787886,0.736231446,0.529007852,0.799910903,0.447294205,0.824475169
Miss,0.575522423,0.471424043,0.474561185,0.47308144,0.462421805,0.468229145,0.397317618,0.444352716,0.379199058,0.406058729,0.291574359,0.400891215,0.5420205,0.615570188,0.455574721,0.617318451,0.55854696,0.742014885,0.34340927,0.711770773,0.575246274,0.826046765,0.403145641,0.824743271
Miss,0.572514832,0.469076812,0.466871887,0.45908469,0.6052683,0.524529338,0.496286392,0.505470693,0.616281152,0.458561599,0.489437193,0.421366304,0.533528745,0.605885744,0.44863537,0.600552976,0.564748466,0.741021395,0.374123245,0.715627611,0.551416159,0.824647307,0.419541776,0.822786808
Miss,0.533409357,0.449397624,0.477610528,0.443181187,0.600025535,0.409826756,0.56347996,0.403139263,0.637619793,0.350432098,0.627913535,0.34258166,0.525606334,0.603743732,0.464813262,0.600752532,0.537275732,0.730483174,0.394037217,0.714482069,0.54049325,0.822506607,0.309713095,0.814310431
Miss,0.510656118,0.449505746,0.438806027,0.446488678,0.518015265,0.498991102,0.551923931,0.408649385,0.578170598,0.508388162,0.585942864,0.35706085,0.523154795,0.602174819,0.464672208,0.602466106,0.542560935,0.723685861,0.400660157,0.716016889,0.544430256,0.81868875,0.297746092,0.815202355
Miss,0.473587155,0.451023638,0.347588718,0.452245325,0.540511966,0.417385429,0.440272003,0.451339722,0.607651114,0.365905523,0.547829628,0.402374566,0.47852093,0.603927016,0.384306371,0.604874313,0.549300969,0.725143731,0.347323984,0.727754951,0.544523299,0.818651795,0.29335916,0.820272148
Miss,0.546153367,0.459055185,0.389036447,0.469742358,0.55595243,0.415783256,0.367905885,0.541380882,0.490030497,0.36939463,0.303213954,0.603859305,0.49680075,0.616496205,0.413413107,0.61160773,0.536907017,0.748034954,0.461284518,0.734777331,0.496077806,0.843020618,0.359374791,0.811485767
Miss,0.554582357,0.462866485,0.395645738,0.455836117,0.560227692,0.527934194,0.402811378,0.374786496,0.549549639,0.591369629,0.401393622,0.302936941,0.551742792,0.615355849,0.436834365,0.61654675,0.612932384,0.753964365,0.45318231,0.759366632,0.659242868,0.87904346,0.447756529,0.851156592
Miss,0.551776588,0.445828915,0.483112067,0.448250294,0.454879463,0.399024546,0.420899361,0.429417372,0.41275233,0.342719197,0.413580626,0.421159446,0.528509796,0.610905409,0.448460251,0.611237288,0.596431315,0.738512754,0.447237015,0.741588235,0.657530904,0.846203327,0.443376839,0.844861031
Miss,0.620434344,0.440774828,0.491204292,0.433555931,0.5901317,0.424893379,0.408740878,0.395835549,0.499039769,0.392813623,0.307402641,0.33785826,0.559209466,0.602257848,0.461932659,0.595027566,0.620009243,0.737423301,0.413024902,0.731039882,0.647280872,0.844000697,0.381018192,0.841853261
Miss,0.605282366,0.447381645,0.476944685,0.442271709,0.554934323,0.466108561,0.363148063,0.405027211,0.455294281,0.433795214,0.259747297,0.356725276,0.537525773,0.600745261,0.4366979,0.589725852,0.591162384,0.726310253,0.380119354,0.713808894,0.597432196,0.817744434,0.332776487,0.817640305
Miss,0.562479675,0.474660307,0.394693911,0.468295008,0.550842822,0.560344815,0.362294763,0.551717281,0.602815151,0.533269286,0.32760784,0.504183173,0.517689168,0.607841849,0.419314563,0.60897541,0.512714148,0.730706275,0.387153894,0.731914401,0.51314795,0.81940639,0.386929542,0.80887568
Miss,0.560931146,0.469279587,0.40594694,0.46443218,0.528374732,0.558909655,0.387547851,0.544377446,0.598761976,0.503086388,0.313757598,0.514890432,0.508764029,0.624565601,0.411066741,0.622360945,0.505398214,0.754964948,0.392163426,0.766111493,0.506306648,0.820799649,0.421751112,0.878301919
Hit,0.53655386,0.464548409,0.454069167,0.449682236,0.673750639,0.4379825,0.54777801,0.43341127,0.756203353,0.381712437,0.615559518,0.359346598,0.513975561,0.622136474,0.449469209,0.617243409,0.532827556,0.758439362,0.470793903,0.75685221,0.52096355,0.874703884,0.326159954,0.844174862
Hit,0.523092389,0.459899902,0.471276313,0.444857121,0.653613985,0.421812534,0.615404844,0.418283045,0.727027893,0.363521516,0.709339499,0.354277551,0.507401526,0.61799556,0.462168157,0.614878714,0.526036203,0.750689566,0.467710972,0.752922595,0.517197073,0.874060273,0.316218197,0.852489352
Hit,0.510492146,0.456984699,0.478582174,0.442354769,0.516361058,0.533003986,0.618254244,0.402936846,0.554736078,0.596506953,0.7346524,0.346500009,0.50681448,0.618196249,0.461560786,0.614954352,0.526411295,0.751443088,0.432461202,0.753004014,0.517223716,0.874097824,0.298888624,0.858111084
Hit,0.505340338,0.453842968,0.487215459,0.440889895,0.5525738,0.508812368,0.614593387,0.400683254,0.599877894,0.541689992,0.723914146,0.345443815,0.503988683,0.618245006,0.463530689,0.615006208,0.525283754,0.750902295,0.42331475,0.752681077,0.517339647,0.873642802,0.287965536,0.85991323
Hit,0.498269111,0.453246772,0.488494068,0.441426039,0.584732354,0.414714426,0.614123046,0.39973107,0.606685996,0.359148175,0.709385097,0.343155533,0.496900052,0.618690133,0.470893323,0.616073251,0.521867216,0.750097156,0.423583001,0.752111673,0.518499374,0.871281922,0.287774861,0.86124599
Hit,0.499961525,0.453523695,0.487125427,0.441855043,0.584400952,0.460419565,0.6146788,0.400109679,0.632418871,0.460882187,0.701572478,0.340831608,0.500469148,0.619030654,0.471019834,0.61747694,0.525498748,0.749404013,0.422931671,0.752263665,0.522445858,0.868557453,0.29185161,0.86077261
Hit,0.496911407,0.453610122,0.484760195,0.442254633,0.562353849,0.495206594,0.608506978,0.400278419,0.609043181,0.522844195,0.697301567,0.34241277,0.501144469,0.619201005,0.477370709,0.618336916,0.525627494,0.745667815,0.427848488,0.751565337,0.525228262,0.865239024,0.293268234,0.85972178
Hit,0.49207285,0.453960001,0.474415213,0.443522066,0.506383061,0.541756094,0.60079509,0.402455717,0.538634479,0.613512158,0.694414914,0.343901098,0.500825584,0.619248569,0.482078224,0.618883014,0.525759697,0.73910439,0.428359091,0.749484003,0.52730906,0.860828519,0.29819712,0.8590644
Hit,0.493411809,0.454752833,0.462768972,0.443561137,0.52881515,0.538238049,0.592273831,0.403078318,0.542446852,0.59754765,0.692288697,0.344077796,0.519398451,0.620340466,0.479313284,0.621067107,0.537896156,0.739381313,0.429877251,0.750185251,0.533951342,0.860693336,0.310151726,0.858736157
Hit,0.49369213,0.454402357,0.451072007,0.442588151,0.501853585,0.539661288,0.58002317,0.403196335,0.52567935,0.600463092,0.683725297,0.34675914,0.525429606,0.620570183,0.472071588,0.621819019,0.542329013,0.740282834,0.431474864,0.750371397,0.536012769,0.861610532,0.31839779,0.858340383
Hit,0.490541548,0.456448704,0.431359112,0.446143389,0.497516453,0.540516615,0.564810336,0.403572977,0.519619763,0.595441043,0.67745775,0.349533379,0.523559213,0.620632768,0.470814764,0.622514963,0.547188818,0.742529333,0.432428539,0.751187921,0.542630613,0.862195313,0.321503222,0.85776186
Hit,0.486700773,0.456241697,0.422483742,0.446138322,0.49881953,0.536074996,0.550730705,0.406756341,0.543096662,0.589182496,0.662859678,0.350244343,0.521899641,0.620121777,0.457350492,0.622554064,0.564234018,0.741361499,0.428894013,0.751224399,0.54528898,0.857842624,0.321125418,0.85757798
Hit,0.487112164,0.457636684,0.412564695,0.448188156,0.56638211,0.46344018,0.545417726,0.415890127,0.580619097,0.41972217,0.644499719,0.351104647,0.516831517,0.61906445,0.433668673,0.622398734,0.587126553,0.735507727,0.413276643,0.751297593,0.553070724,0.8522681,0.320698172,0.857500911
Hit,0.487526447,0.459525436,0.409709811,0.452288806,0.546966791,0.514236331,0.545842648,0.422084004,0.543690205,0.538489938,0.642409623,0.354541451,0.504164279,0.623082757,0.416370898,0.624710858,0.601386964,0.737006724,0.397539139,0.751503527,0.557871222,0.853221536,0.320283532,0.85782969
Hit,0.497373611,0.463545471,0.401314974,0.464357078,0.564901412,0.408361524,0.514379621,0.432097822,0.627195716,0.353343368,0.606271088,0.372136414,0.492248058,0.624913573,0.399558127,0.624487936,0.617484927,0.734466314,0.384891242,0.75377965,0.56204319,0.848060012,0.31811291,0.857731342
Hit,0.504543841,0.465674073,0.386544079,0.468148232,0.563279212,0.41472894,0.501817048,0.440425783,0.621336758,0.371530086,0.572021484,0.398287982,0.485165954,0.628923237,0.389926076,0.625386417,0.619267404,0.734533668,0.37312749,0.756244719,0.567116916,0.845134735,0.310650468,0.857833266
Hit,0.501768529,0.466081321,0.378570229,0.468552291,0.557662606,0.422465414,0.478101462,0.448783964,0.601293683,0.380941093,0.553400278,0.406864405,0.480524033,0.628365219,0.389039159,0.625200868,0.614711821,0.735459924,0.367170751,0.759568095,0.571558535,0.841399372,0.307648897,0.858339012
Hit,0.496533543,0.465649277,0.365316063,0.466906637,0.55728215,0.40926379,0.445289522,0.467287362,0.605922282,0.361472458,0.534841239,0.4145872,0.48216781,0.628292263,0.392479241,0.625071883,0.607685149,0.735824406,0.370976686,0.759256423,0.578638971,0.843192399,0.310776085,0.857227027
Hit,0.490931749,0.46349448,0.351824284,0.465634584,0.558943033,0.401725441,0.424849361,0.465565741,0.638701141,0.34320873,0.526672065,0.419401407,0.482692897,0.622607291,0.396250963,0.623895586,0.600159228,0.738169849,0.377363235,0.758813262,0.578281939,0.844665885,0.31694153,0.85520345
Miss,0.482658654,0.450444788,0.335513592,0.44644776,0.562280595,0.397413194,0.39939028,0.465866804,0.650754452,0.339015126,0.515946507,0.419968694,0.489875466,0.600320101,0.400381804,0.613635361,0.561639428,0.736077249,0.380455643,0.751495481,0.575025856,0.845002353,0.31853354,0.852836907
Miss,0.480673671,0.446005583,0.329667479,0.458843321,0.558629751,0.38494882,0.283363611,0.492853969,0.640348196,0.333831638,0.385532558,0.447296321,0.480527282,0.604760349,0.375789762,0.613494813,0.589287579,0.73347187,0.355804175,0.745021641,0.573392749,0.845493972,0.312527806,0.854309916
Miss,0.465390056,0.442413032,0.307413042,0.449172556,0.562964559,0.388643146,0.249874651,0.493034661,0.663886368,0.337539107,0.391654849,0.464265525,0.479535758,0.602885544,0.375196457,0.613570929,0.562926888,0.734026849,0.362648219,0.746020079,0.585655153,0.845764756,0.312648952,0.860428035
Miss,0.499986023,0.445030838,0.322919369,0.450026602,0.594525814,0.3946684,0.304782867,0.48056525,0.682232738,0.329670727,0.424274147,0.439397812,0.518705308,0.605681062,0.417939723,0.613857388,0.618158102,0.735848844,0.406018436,0.752363861,0.63158077,0.845678508,0.368768215,0.861804843
Miss,0.504763722,0.446025044,0.336747438,0.453626335,0.58682549,0.384863526,0.233543336,0.474019945,0.666454613,0.330947667,0.350949734,0.4378151,0.511354089,0.610231161,0.407718748,0.614405751,0.617109716,0.725119591,0.403131813,0.746676385,0.613641977,0.834677398,0.371630609,0.846983254
Miss,0.568132699,0.451241791,0.44317776,0.443845361,0.65651232,0.410223901,0.279506415,0.38545537,0.595822453,0.356773794,0.302826613,0.327511817,0.551857829,0.5995453,0.462270647,0.604606867,0.604764283,0.722769856,0.369494021,0.711850643,0.60892731,0.827622771,0.359428734,0.815321565
Miss,0.607158422,0.443546444,0.488832772,0.445010036,0.565891206,0.428455681,0.386695325,0.396435946,0.449833035,0.392303497,0.337864161,0.329912782,0.549683511,0.596193016,0.464378178,0.585611701,0.580838501,0.716125488,0.38135621,0.701769471,0.608435571,0.81723851,0.355734468,0.805817783
Miss,0.626868665,0.444367737,0.488366991,0.444726765,0.693796992,0.470254838,0.401546896,0.381477058,0.522163093,0.438755423,0.338954628,0.319053859,0.570507944,0.599220932,0.474872768,0.591249824,0.58226341,0.729314446,0.385329902,0.716040492,0.604405999,0.829500377,0.352090091,0.819108129
Miss,0.623654246,0.453748465,0.491956621,0.445035845,0.762103856,0.462094635,0.421156615,0.383156836,0.617689192,0.463642448,0.347138375,0.328394324,0.585324883,0.602945566,0.488441557,0.594864011,0.594470024,0.745676875,0.372490346,0.721264064,0.603004634,0.847402096,0.35626474,0.823828399
Miss,0.591073275,0.470469892,0.439691454,0.472433269,0.639740705,0.525189757,0.424020231,0.528988063,0.583582401,0.478459656,0.48987934,0.467685848,0.53798461,0.608273387,0.442517161,0.601161838,0.558270633,0.743781567,0.375963748,0.733660817,0.602567196,0.84748888,0.354364187,0.837626934
Miss,0.582743526,0.451228201,0.414552271,0.468056828,0.646297157,0.412923336,0.28141591,0.490362346,0.728942931,0.371139973,0.363438874,0.467097133,0.542770028,0.608414769,0.442678928,0.602681041,0.576903403,0.743117034,0.415753514,0.737428069,0.592074513,0.833155453,0.377380401,0.838519096
Miss,0.577266634,0.452545971,0.432827115,0.451224983,0.5967713,0.511957169,0.335053831,0.40914306,0.630587816,0.578574419,0.359882742,0.353934109,0.538232386,0.596644998,0.443889707,0.58740133,0.533773363,0.716741562,0.410618454,0.676908314,0.531219363,0.804690242,0.398005933,0.748931885
Miss,0.560914874,0.460321367,0.420735329,0.451010525,0.569846809,0.53105247,0.344734222,0.395032108,0.602525949,0.597804964,0.278625697,0.334797382,0.528619587,0.599060893,0.434375048,0.592557073,0.531704307,0.718749166,0.404477388,0.701074541,0.511966586,0.81049794,0.386773378,0.791645706
Miss,0.536827862,0.469376504,0.406570852,0.45034337,0.573564529,0.531489313,0.340819985,0.388518602,0.60666275,0.592520654,0.274957687,0.325538158,0.522616684,0.596908689,0.429944873,0.59512943,0.542370796,0.716350555,0.401067942,0.709818482,0.526836038,0.810567677,0.383261353,0.803615451
Miss,0.533082724,0.465680122,0.427366078,0.449483156,0.478179604,0.464568049,0.362219334,0.387623727,0.429802448,0.429608881,0.310846895,0.331638455,0.505980909,0.597587764,0.414515316,0.596234679,0.545834243,0.71942091,0.373412102,0.713412225,0.582830787,0.812076867,0.379713058,0.810194314
Miss,0.555065155,0.443306267,0.486059368,0.446727842,0.463238686,0.390488207,0.435573488,0.39605999,0.390810221,0.330450505,0.374860227,0.334047884,0.508732378,0.59383893,0.416511804,0.586052239,0.53974998,0.713853717,0.375393182,0.703099787,0.587776363,0.812864125,0.373747855,0.804866493
Miss,0.614891171,0.444645733,0.500454485,0.443229377,0.705063701,0.448431551,0.438565224,0.390450925,0.596383572,0.433353245,0.361897796,0.341531843,0.576332211,0.584393382,0.493156523,0.581117272,0.58869344,0.703684509,0.396369725,0.687492251,0.594960093,0.799907029,0.374246508,0.789180398
Miss,0.623355806,0.449444681,0.500325561,0.443100065,0.731444061,0.4596982,0.44103381,0.38933593,0.622460485,0.455161393,0.362003118,0.343442321,0.583884656,0.586409628,0.498963922,0.583761811,0.596850634,0.70508045,0.399035096,0.687607706,0.597498417,0.79957068,0.381706148,0.787363648
Miss,0.604521811,0.441083133,0.460971326,0.439668089,0.72170043,0.443757832,0.341046214,0.412326396,0.628647029,0.456888765,0.422458172,0.442991912,0.567718387,0.58861196,0.491104633,0.58570528,0.594592571,0.716082454,0.402273953,0.71638459,0.611313403,0.810768485,0.374073058,0.816831768
